"Time (s)","Linear Acceleration x (m/s^2)","Linear Acceleration y (m/s^2)","Linear Acceleration z (m/s^2)","Absolute acceleration (m/s^2)"
4.918791674E-3,2.899267695E-1,-1.166851352E-1,2.658231944E-1,4.102863916E-1
1.490679168E-2,3.276440879E-1,-9.381031595E-2,9.920327604E-2,3.549539599E-1
2.489479168E-2,1.818774236E-1,-9.927618351E-2,-2.503368437E-2,2.087147412E-1
3.488279166E-2,4.185105317E-2,-8.910272263E-2,-2.031170690E-1,2.257151957E-1
4.487079167E-2,8.021886516E-2,-9.654732451E-2,-3.792515767E-1,3.994849316E-1
5.485879167E-2,2.370279414E-1,-1.015147169E-1,-5.231907302E-1,5.832803982E-1
6.484679168E-2,4.207570868E-1,-1.121471477E-1,-5.530840355E-1,7.039285895E-1
7.483479168E-2,6.766887657E-1,-8.868632779E-2,-4.323635906E-1,8.079054554E-1
8.482379167E-2,8.650196151E-1,-8.396459151E-2,-2.639965242E-1,9.082968413E-1
9.481179167E-2,8.506073248E-1,-7.327430986E-2,-1.077010345E-1,8.605239441E-1
1.047997917E-1,6.443884541E-1,-1.460601945E-1,5.702614009E-2,6.631908028E-1
1.147877917E-1,4.763888852E-1,-1.975475961E-1,1.904473221E-1,5.497650455E-1
1.247757917E-1,3.985179330E-1,-2.237612486E-1,2.821462816E-1,5.371146651E-1
1.347637917E-1,3.749052316E-1,-2.637520741E-1,3.049276185E-1,5.505451315E-1
1.447517917E-1,3.299441267E-1,-2.815052806E-1,1.970482439E-1,4.763783792E-1
1.547397917E-1,2.569935333E-1,-2.806767301E-1,1.153901231E-1,3.976681827E-1
1.647277917E-1,3.151846580E-1,-3.008638767E-1,7.285396814E-2,4.417783852E-1
1.747157917E-1,4.528289185E-1,-3.238943416E-1,1.353273743E-1,5.729529406E-1
1.847037917E-1,5.717525871E-1,-3.464905410E-1,2.477582216E-1,7.129802608E-1
1.946917917E-1,6.142628682E-1,-3.809568440E-1,3.055591178E-1,7.847377668E-1
2.046797917E-1,6.382649575E-1,-3.552345769E-1,3.211366850E-1,7.979364205E-1
2.146677917E-1,6.394169321E-1,-3.170858802E-1,2.746776330E-1,7.647517705E-1
2.246557917E-1,6.278726280E-1,-2.955568342E-1,3.107672328E-1,7.603644864E-1
2.346437917E-1,6.921504850E-1,-3.005778748E-1,3.259851962E-1,8.220010346E-1
2.446327917E-1,7.189438889E-1,-2.750727221E-1,2.457052642E-1,8.080324218E-1
2.546207917E-1,7.388658643E-1,-2.695783676E-1,5.728341758E-2,7.885915620E-1
2.646087917E-1,8.570775613E-1,-2.822717775E-1,-1.504997295E-1,9.148275636E-1
2.745967917E-1,9.558794991E-1,-2.968693148E-1,-3.491009939E-1,1.060051183E0
2.845847917E-1,1.036977164E0,-2.981150641E-1,-5.096906787E-1,1.193305836E0
2.945727917E-1,1.117875512E0,-2.549111754E-1,-6.578784192E-1,1.321903697E0
3.045607917E-1,1.134532768E0,-2.362444327E-1,-7.677195346E-1,1.390096873E0
3.145487917E-1,1.161185546E0,-2.169676245E-1,-8.606171733E-1,1.461536432E0
3.245367917E-1,1.231772257E0,-1.875842695E-1,-1.012617883E0,1.605567105E0
3.345247917E-1,1.345950106E0,-2.607676552E-1,-1.030005748E0,1.714786663E0
3.445127917E-1,1.492797080E0,-2.824290310E-1,-8.881751007E-1,1.759847803E0
3.545007917E-1,1.561092412E0,-2.840050201E-1,-6.716509509E-1,1.723015778E0
3.644887917E-1,1.584220635E0,-2.511708394E-1,-4.204264998E-1,1.658191863E0
3.744767917E-1,1.587460724E0,-2.381308541E-1,-8.101609647E-2,1.607265212E0
3.844647917E-1,1.556872915E0,-2.084884675E-1,2.107558715E-1,1.584846602E0
3.944527917E-1,1.473611634E0,-1.834371318E-1,4.076918489E-1,1.539932815E0
4.044417917E-1,1.419056674E0,-1.774962145E-1,5.831825781E-1,1.544450928E0
4.144297917E-1,1.443283004E0,-1.569811122E-1,6.341773152E-1,1.584263162E0
4.244177917E-1,1.392552561E0,-1.383868660E-1,5.429794621E-1,1.501059711E0
4.344057917E-1,1.369855278E0,-1.712251123E-1,3.423813736E-1,1.422338400E0
4.443937917E-1,1.345890464E0,-2.495308599E-1,1.075419903E-1,1.373044818E0
4.543817917E-1,1.342413710E0,-3.339749779E-1,-1.167133480E-1,1.388249207E0
4.643697917E-1,1.469790186E0,-3.362952261E-1,-1.902836001E-1,1.519732055E0
4.743577917E-1,1.559901334E0,-3.590867957E-1,-1.706562513E-1,1.609769877E0
4.843457917E-1,1.560905594E0,-3.957599475E-1,-1.753498113E-1,1.619814732E0
4.943337917E-1,1.532911903E0,-4.465120983E-1,-1.882101774E-1,1.607673793E0
5.043217917E-1,1.548595304E0,-4.863847369E-1,-1.346590376E-1,1.628757375E0
5.143097917E-1,1.593755544E0,-5.250298257E-1,-1.657562846E-1,1.686175613E0
5.242977917E-1,1.666374600E0,-5.474152330E-1,-1.659638608E-1,1.761820578E0
5.342857917E-1,1.672781102E0,-5.820672217E-1,-1.902912015E-1,1.781350501E0
5.442737917E-1,1.596853545E0,-5.914544879E-1,-2.211071974E-1,1.717162790E0
5.542617917E-1,1.556764742E0,-5.609049788E-1,-3.293625480E-1,1.687190133E0
5.642507917E-1,1.518818066E0,-4.953469105E-1,-4.616277355E-1,1.662912219E0
5.742387917E-1,1.570587852E0,-4.649739508E-1,-5.164038670E-1,1.717445757E0
5.842267917E-1,1.641390763E0,-4.387423182E-1,-5.353079152E-1,1.781351460E0
5.942147917E-1,1.608738595E0,-4.391082077E-1,-5.005029488E-1,1.741079862E0
6.042027917E-1,1.543126696E0,-4.674586520E-1,-4.058061218E-1,1.662659376E0
6.141907917E-1,1.505189815E0,-4.675523171E-1,-1.989427418E-1,1.588640854E0
6.241787917E-1,1.489711212E0,-3.952458311E-1,9.002022386E-2,1.543879011E0
6.341667917E-1,1.435214869E0,-3.112698741E-1,2.355498201E-1,1.487351463E0
6.441547917E-1,1.320477588E0,-2.714016574E-1,4.221426576E-1,1.412630292E0
6.541427917E-1,1.139641992E0,-2.701554696E-1,6.259567147E-1,1.328002130E0
6.641307917E-1,9.449697641E-1,-3.094679084E-1,7.722476184E-1,1.259009383E0
6.741187917E-1,7.579526380E-1,-3.721398641E-1,8.967003411E-1,1.231686560E0
6.841067917E-1,6.203117397E-1,-4.347585736E-1,9.595690191E-1,1.222527862E0
6.940947917E-1,5.528819411E-1,-4.684659080E-1,9.884583575E-1,1.225638067E0
7.040827917E-1,5.533108344E-1,-4.127322584E-1,1.092810107E0,1.292569041E0
7.140707917E-1,5.522532924E-1,-2.714841762E-1,1.164039134E0,1.316690724E0
7.240597917E-1,5.195796360E-1,-1.702531954E-1,1.135247444E0,1.260053930E0
7.340477917E-1,5.684646977E-1,-1.381694866E-1,1.076548415E0,1.225234431E0
7.440357917E-1,5.251588299E-1,-6.281124735E-2,8.945444727E-1,1.039204919E0
7.540237917E-1,4.227270868E-1,6.415400561E-3,7.141555309E-1,8.299141339E-1
7.640117917E-1,3.442757984E-1,7.330045788E-2,6.795031768E-1,7.652603151E-1
7.739997917E-1,3.408431905E-1,2.361706116E-1,7.402645183E-1,8.484940750E-1
7.839877917E-1,3.121612090E-1,3.366812886E-1,1.127367736E0,1.217274383E0
7.939757917E-1,1.615041163E-1,4.054924918E-1,1.617005973E0,1.674877924E0
8.039637917E-1,-9.060962319E-2,3.740118136E-1,1.993024040E0,2.029837374E0
8.139517917E-1,-2.573567916E-1,2.813994825E-1,2.278176960E0,2.309871955E0
8.239397917E-1,-2.914487632E-1,1.831087376E-1,2.384213877E0,2.408930676E0
8.339277917E-1,-2.140550899E-1,8.678627506E-2,2.378871276E0,2.390058574E0
8.439164167E-1,-1.971575868E-1,4.359783576E-2,2.131189068E0,2.140733222E0
8.539044167E-1,-2.229700472E-1,3.518747485E-2,1.526214502E0,1.542817068E0
8.638924167E-1,-2.336764453E-1,6.270176738E-2,7.840677649E-1,8.205476541E-1
8.738814167E-1,-2.498101558E-1,9.781982481E-2,1.687874812E-1,3.169590602E-1
8.838694167E-1,-2.315196267E-1,7.840186117E-2,-2.363994205E-1,3.400483427E-1
8.938574167E-1,-5.540090650E-2,5.398494842E-2,-4.968314821E-1,5.028172199E-1
9.038454167E-1,1.202485015E-1,7.936274143E-2,-7.432857746E-1,7.571207893E-1
9.138334167E-1,1.522539673E-1,1.759420977E-1,-9.800915766E-1,1.007331321E0
9.238214167E-1,8.431889623E-2,2.717731018E-1,-1.235187469E0,1.267540287E0
9.338094167E-1,-5.250083372E-2,3.816575597E-1,-1.326551968E0,1.381361268E0
9.437974167E-1,-1.329431722E-1,5.126465924E-1,-1.136689367E0,1.254010819E0
9.537854167E-1,-2.037283954E-1,5.415184622E-1,-9.804611206E-1,1.138442582E0
9.637734167E-1,-2.090853951E-1,4.948085647E-1,-7.911984444E-1,9.563196100E-1
9.737614167E-1,-1.695023398E-1,4.540209465E-1,-4.527189177E-1,6.631896271E-1
9.837494167E-1,-1.469529181E-1,4.231115413E-1,-2.233531129E-1,5.005048946E-1
9.937374167E-1,-1.428331162E-1,3.593267873E-1,-9.374957800E-2,3.978768937E-1
1.003725417E0,-1.244453040E-1,3.433988623E-1,-1.227622926E-1,3.853310172E-1
1.013713417E0,1.599615477E-3,3.188390216E-1,-1.560756344E-1,3.549936395E-1
1.023702417E0,1.455134798E-1,3.405929296E-1,-2.651911104E-1,4.555261151E-1
1.033690417E0,1.835026937E-1,3.409861914E-1,-5.982806736E-1,7.126602176E-1
1.043678417E0,1.986926271E-1,2.604181196E-1,-9.109307098E-1,9.680346663E-1
1.053666417E0,3.262172576E-1,1.911290709E-1,-9.252949798E-1,9.995593132E-1
1.063654417E0,4.804699494E-1,1.118272410E-1,-7.609338409E-1,9.068500506E-1
1.073642417E0,5.796341222E-1,4.224205831E-2,-5.689820302E-1,8.133269070E-1
1.083630417E0,6.264701003E-1,5.020945609E-2,-5.056350499E-1,8.066303861E-1
1.093618417E0,5.744239607E-1,7.773335997E-2,-5.701660913E-1,8.130773232E-1
1.103606417E0,5.229010738E-1,1.198190966E-1,-7.633540034E-1,9.330013309E-1
1.113594417E0,5.200004894E-1,1.574864396E-1,-1.054324903E0,1.186087471E0
1.123582417E0,5.337040970E-1,1.684758611E-1,-1.114166477E0,1.246832434E0
1.133570417E0,5.379569232E-1,1.539657762E-1,-1.146189339E0,1.275481521E0
1.143558417E0,4.919603129E-1,7.875068413E-2,-1.062838449E0,1.173819487E0
1.153546417E0,5.998652691E-1,3.603346646E-4,-8.996081614E-1,1.081264683E0
1.163535417E0,7.484017228E-1,-8.070063919E-2,-7.713945097E-1,1.077806672E0
1.173523417E0,8.785524110E-1,-1.336369077E-1,-8.028741646E-1,1.197631031E0
1.183511417E0,9.536769991E-1,-1.018970883E-1,-9.849278086E-1,1.374760206E0
1.193499417E0,1.073602296E0,5.361458212E-3,-1.205307612E0,1.614130439E0
1.203486417E0,1.290117529E0,1.335143355E-1,-1.395960172E0,1.905501015E0
1.213474417E0,1.424407461E0,1.383208198E-1,-1.330857857E0,1.954290639E0
1.223462417E0,1.459509173E0,1.631833270E-1,-1.264823497E0,1.938188408E0
1.233451417E0,1.468334961E0,2.552828207E-1,-1.234467677E0,1.935222809E0
1.243439417E0,1.526402782E0,2.719657310E-1,-1.038536251E0,1.866126565E0
1.253427417E0,1.531671416E0,2.033424426E-1,-7.820744491E-1,1.731763817E0
1.263415417E0,1.503196937E0,1.800961424E-1,-4.711271220E-1,1.585558709E0
1.273403417E0,1.482958993E0,1.302033862E-1,-9.413257062E-2,1.491637100E0
1.283391417E0,1.521651481E0,1.143082786E-1,2.646075583E-1,1.548711326E0
1.293379417E0,1.460244899E0,2.307253738E-1,4.389551568E-1,1.542151417E0
1.303367417E0,1.321613848E0,3.334110870E-1,5.375719571E-1,1.465199551E0
1.313355417E0,1.134129749E0,4.154400674E-1,6.553167540E-1,1.374147294E0
1.323343417E0,8.101492703E-1,3.936944186E-1,9.155903560E-1,1.284384224E0
1.333331417E0,4.268936300E-1,3.885667394E-1,1.351502622E0,1.469619549E0
1.343319417E0,8.126365297E-2,3.428481642E-1,1.810965133E0,1.844923673E0
1.353307417E0,-1.780712517E-1,2.733333216E-1,2.258567153E0,2.282004833E0
1.363295417E0,-1.883881886E-1,1.707376007E-1,2.516879014E0,2.529688006E0
1.373283417E0,-6.184307635E-3,2.752254715E-2,2.525382035E0,2.525539578E0
1.383272417E0,2.257324181E-1,-7.406077864E-2,2.168058686E0,2.181036128E0
1.393260417E0,3.045824318E-1,-1.463903520E-1,1.778327730E0,1.810151957E0
1.403248417E0,1.768769396E-1,-1.855965268E-1,1.598422353E0,1.618853156E0
1.413236417E0,-1.061874097E-1,-1.776260227E-1,1.672091423E0,1.684849102E0
1.423224417E0,-3.485213886E-1,-1.644812261E-1,1.903024281E0,1.941654616E0
1.433212417E0,-4.523596794E-1,-1.242470012E-1,2.116678618E0,2.168039429E0
1.443200417E0,-4.523323071E-1,1.875737902E-2,2.062431074E0,2.111534582E0
1.453188417E0,-3.939925170E-1,1.143721320E-1,1.622888272E0,1.673940690E0
1.463176417E0,-3.703093567E-1,1.015003821E-1,1.027477997E0,1.096878472E0
1.473164417E0,-2.562124915E-1,3.448429235E-2,3.546488321E-1,4.388733317E-1
1.483152417E0,-1.017484228E-1,-1.296745603E-1,-3.240415817E-1,3.635535447E-1
1.493140417E0,5.537108570E-2,-3.060284117E-1,-8.612574434E-1,9.156875721E-1
1.503128417E0,1.799856301E-1,-4.000756312E-1,-1.312441467E0,1.383820054E0
1.513116417E0,3.324381834E-1,-4.137228864E-1,-1.606705518E0,1.692094677E0
1.523104417E0,4.285882993E-1,-3.686658140E-1,-1.658344619E0,1.752058585E0
1.533093417E0,4.544400457E-1,-3.321498792E-1,-1.365827715E0,1.477269321E0
1.543081417E0,3.839979078E-1,-3.202850746E-1,-7.805921799E-1,9.270172995E-1
1.553069417E0,1.854145140E-1,-3.291099117E-1,-1.655709279E-1,4.124386114E-1
1.563057417E0,-3.893907582E-2,-4.260198002E-1,4.783004862E-1,6.417012364E-1
1.573045417E0,-2.018818082E-1,-4.556123758E-1,1.137291631E0,1.241680778E0
1.583033417E0,-3.230120333E-1,-3.767831746E-1,1.456795188E0,1.539010901E0
1.593021417E0,-4.202550302E-1,-3.131192022E-1,1.290159482E0,1.392540633E0
1.603009417E0,-4.720110749E-1,-2.713535092E-1,6.194025707E-1,8.246737090E-1
1.612997417E0,-3.889698683E-1,-2.003537480E-1,-9.345253944E-2,4.474064818E-1
1.622985417E0,-9.989182223E-2,-1.591544858E-1,-6.144289291E-1,6.425195992E-1
1.632973417E0,1.422778317E-1,-1.250932029E-1,-9.537416840E-1,9.723756941E-1
1.642961417E0,3.687587847E-1,-8.847118679E-2,-1.195651520E0,1.254349533E0
1.652949417E0,5.607465924E-1,-9.071876513E-2,-1.334450971E0,1.450319286E0
1.662937417E0,6.244523723E-1,-5.842762175E-2,-1.438769392E0,1.569526016E0
1.672925417E0,6.070607796E-1,-5.791654770E-2,-1.427470817E0,1.552272544E0
1.682914417E0,5.152300385E-1,-1.110353910E-1,-1.469691807E0,1.561340725E0
1.692902417E0,4.748432469E-1,-1.836471382E-1,-1.446469590E0,1.533452528E0
1.702890417E0,5.819968358E-1,-1.614576492E-1,-1.421031278E0,1.544059190E0
1.712878417E0,7.288254641E-1,-6.711160038E-2,-1.368962992E0,1.552337012E0
1.722866417E0,7.895946262E-1,-9.613830264E-2,-1.294403976E0,1.519270845E0
1.732854417E0,7.587852815E-1,-1.180546628E-1,-1.291880903E0,1.502879993E0
1.742842417E0,7.384398946E-1,-1.072197173E-1,-1.472166933E0,1.650474182E0
1.752830417E0,7.035318710E-1,-1.162486223E-1,-1.700880189E0,1.844305900E0
1.762818417E0,7.961254545E-1,-1.836960721E-1,-1.823337257E0,1.998028713E0
1.772806417E0,9.247710693E-1,-1.867121939E-1,-1.723748649E0,1.965037501E0
1.782794417E0,1.040942161E0,-2.037987447E-1,-1.532011431E0,1.863371551E0
1.792782417E0,1.000825365E0,-2.200177332E-1,-1.359458343E0,1.702406004E0
1.802770417E0,8.714607617E-1,-2.548674126E-1,-1.234361842E0,1.532334955E0
1.812758417E0,7.879782365E-1,-2.176363816E-1,-1.086095749E0,1.359367232E0
1.822746417E0,7.121554908E-1,-2.989149266E-1,-9.944675410E-1,1.259158952E0
1.832734708E0,6.566896802E-1,-3.947418742E-1,-1.003809637E0,1.262812841E0
1.842722708E0,6.395032516E-1,-4.590653029E-1,-9.974355876E-1,1.270662470E0
1.852710708E0,7.180763083E-1,-5.190824765E-1,-7.794069493E-1,1.180065843E0
1.862698708E0,9.004729646E-1,-5.352597122E-1,-4.175672114E-1,1.127704259E0
1.872686708E0,1.019799872E0,-5.179817016E-1,-6.688220680E-2,1.145761778E0
1.882674708E0,9.910954517E-1,-4.862926067E-1,2.897739744E-1,1.141367447E0
1.892662708E0,8.885149701E-1,-5.165097016E-1,6.929897797E-1,1.239546675E0
1.902650708E0,6.534702033E-1,-5.576342656E-1,1.145171338E0,1.431571401E0
1.912638708E0,3.826007887E-1,-5.523823696E-1,1.355747700E0,1.513129695E0
1.922626708E0,2.286261320E-1,-4.965858259E-1,1.490824229E0,1.587899327E0
1.932614708E0,2.125125944E-1,-3.763421118E-1,1.541212025E0,1.600665329E0
1.942602708E0,1.970350694E-1,-2.084024769E-1,1.509227171E0,1.536236005E0
1.952590708E0,1.288063584E-1,-9.217928083E-2,1.509625366E0,1.517912002E0
1.962578708E0,7.314832063E-2,-6.101292704E-2,1.662210798E0,1.664937834E0
1.972566708E0,1.097752795E-1,-5.749416403E-2,1.700609463E0,1.705118394E0
1.982554708E0,1.581730306E-1,-1.200665892E-2,1.718552814E0,1.725858233E0
1.992542708E0,2.719713772E-1,6.629056907E-3,1.839282614E0,1.859293659E0
2.002530708E0,3.739795808E-1,1.313996351E-1,1.938337371E0,1.978453526E0
2.012519708E0,4.172375015E-1,2.795999105E-1,1.931130677E0,1.995376891E0
2.022507708E0,3.141352290E-1,4.104392728E-1,1.986107953E0,2.052258790E0
2.032495708E0,-1.039203711E-2,3.883024087E-1,2.225996992E0,2.259634785E0
2.042483708E0,-2.836036636E-1,3.237636197E-1,2.401021698E0,2.439294799E0
2.052471708E0,-4.480708198E-1,2.994077738E-1,2.496769270E0,2.554264916E0
2.062459708E0,-4.807097218E-1,2.168157431E-1,2.286567714E0,2.346589614E0
2.072447708E0,-3.287074406E-1,7.883600780E-2,1.843172182E0,1.873912322E0
2.082435708E0,-1.202963025E-1,1.885728875E-2,1.350652437E0,1.356130083E0
2.092423708E0,-7.617072813E-2,-7.149094563E-2,8.774969155E-1,8.836932566E-1
2.102411708E0,-2.351176743E-1,-9.940827576E-2,2.996879286E-1,3.936688717E-1
2.112399708E0,-2.590898697E-1,4.282332636E-2,-1.922026563E-1,3.254278091E-1
2.122387708E0,-6.079627857E-2,-1.630269505E-2,-5.761594874E-1,5.795875432E-1
2.132375708E0,1.152385341E-1,9.147745963E-2,-8.855356675E-1,8.976755894E-1
2.142363708E0,3.680837602E-1,2.806380106E-1,-1.076494621E0,1.171786677E0
2.152351708E0,4.741922325E-1,5.278876889E-1,-9.241021478E-1,1.165113070E0
2.162339708E0,2.674331156E-1,6.798593453E-1,-4.937722188E-1,8.817824022E-1
2.172327708E0,-8.275180589E-2,7.134333267E-1,1.048838460E-1,7.258344124E-1
2.182315708E0,-4.160712013E-1,7.485130392E-1,6.676976484E-1,1.085913055E0
2.192303708E0,-6.385367069E-1,8.089986844E-1,1.179539518E0,1.566372073E0
2.202291708E0,-7.403497414E-1,8.213884959E-1,1.698312677E0,2.026588944E0
2.212280708E0,-7.478273070E-1,8.031883793E-1,1.887313982E0,2.183188338E0
2.222268708E0,-6.452558155E-1,6.753532617E-1,1.460070798E0,1.733281233E0
2.232256708E0,-4.310709174E-1,5.352779848E-1,7.285005051E-1,1.001527654E0
2.242244708E0,-1.166361831E-1,4.375231737E-1,1.126290679E-2,4.529430205E-1
2.252232708E0,9.988449493E-2,3.994195005E-1,-6.389036196E-1,7.600728155E-1
2.262220708E0,9.266334806E-2,3.143204395E-1,-1.205429819E0,1.249177683E0
2.272208708E0,1.641649649E-2,2.609844955E-1,-1.623259571E0,1.644187958E0
2.282196708E0,-6.903317817E-2,3.038542159E-1,-1.917503157E0,1.942655739E0
2.292184708E0,-6.860000912E-2,3.371564114E-1,-2.027356551E0,2.056345057E0
2.302172708E0,7.617167830E-3,3.621721156E-1,-2.031886974E0,2.063926195E0
2.312160708E0,1.794904074E-1,3.899164595E-1,-1.965997624E0,2.012311683E0
2.322148708E0,3.768400022E-1,4.226797244E-1,-1.860479355E0,1.944749333E0
2.332136708E0,5.562877250E-1,4.175397660E-1,-1.863542712E0,1.989117123E0
2.342124708E0,6.884288053E-1,3.393835062E-1,-1.890762670E0,2.040612373E0
2.352112708E0,7.269426607E-1,1.697582103E-1,-1.913322982E0,2.053793640E0
2.362100708E0,6.520398282E-1,-8.887383497E-3,-1.973312491E0,2.078267815E0
2.372088708E0,5.337145489E-1,-1.219422389E-1,-1.999899781E0,2.073480230E0
2.382076708E0,5.017732564E-1,-1.345784556E-1,-1.942453226E0,2.010724321E0
2.392064708E0,5.266589696E-1,-1.143588205E-1,-1.842569334E0,1.919768049E0
2.402052708E0,6.159535175E-1,-1.326085698E-2,-1.676303757E0,1.785936413E0
2.412040708E0,6.803136740E-1,1.728663709E-1,-1.426457494E0,1.589808309E0
2.422028708E0,7.525192590E-1,3.708898756E-1,-1.145124561E0,1.419561480E0
2.432017708E0,8.501634481E-1,4.648323751E-1,-1.043702266E0,1.424135333E0
2.442005708E0,8.526435446E-1,4.660444298E-1,-1.100675781E0,1.468225323E0
2.451993708E0,8.008197454E-1,4.383145943E-1,-1.116374971E0,1.442125176E0
2.461981708E0,7.654041834E-1,4.235129161E-1,-1.053946003E0,1.369674754E0
2.471969708E0,7.790184018E-1,3.707101102E-1,-9.751723140E-1,1.302020237E0
2.481957708E0,8.323762912E-1,2.990954046E-1,-9.092379409E-1,1.268472303E0
2.491945708E0,8.652829590E-1,3.340857461E-1,-7.944769782E-1,1.221278655E0
2.501933708E0,9.431652403E-1,4.637298095E-1,-6.360074937E-1,1.228459010E0
2.511921708E0,9.662877622E-1,6.109665003E-1,-4.033315802E-1,1.212298836E0
2.521909708E0,8.850476443E-1,7.687933758E-1,-1.181950325E-1,1.178271044E0
2.531897708E0,7.178150108E-1,8.820459761E-1,1.918395442E-1,1.153284832E0
2.541885708E0,5.856374950E-1,8.823227687E-1,5.537757611E-1,1.195044910E0
2.551873708E0,5.510505932E-1,8.746163578E-1,1.014911746E0,1.448674008E0
2.561861708E0,3.990638436E-1,7.814588103E-1,1.491254584E0,1.730251444E0
2.571849708E0,4.481079496E-2,5.934407870E-1,1.895074407E0,1.986324994E0
2.581837708E0,-3.216108211E-1,3.800915292E-1,2.219345784E0,2.274510673E0
2.591825708E0,-5.286500197E-1,2.422713041E-1,2.452695297E0,2.520690470E0
2.601813708E0,-4.095591937E-1,2.164672491E-1,2.408496194E0,2.452641580E0
2.611801708E0,-8.010721989E-3,4.015862228E-1,1.909056854E0,1.950854617E0
2.621789708E0,1.287151053E-1,5.541355476E-1,1.459383751E0,1.566344379E0
2.631777708E0,-1.916533834E-1,5.656986358E-1,1.530815091E0,1.643210519E0
2.641765708E0,-7.404890513E-1,5.065531359E-1,2.170344948E0,2.348471270E0
2.651753708E0,-1.097291413E0,3.995316209E-1,3.041007637E0,3.257514607E0
2.661741708E0,-1.159252603E0,2.983102880E-1,3.803028476E0,3.986963909E0
2.671729708E0,-1.108517482E0,2.507510093E-1,4.480060034E0,4.621971981E0
2.681717708E0,-1.055679410E0,1.460877312E-1,4.632606289E0,4.753613539E0
2.691706708E0,-9.230034560E-1,1.213351152E-1,3.990110725E0,4.097272408E0
2.701694708E0,-7.353759536E-1,1.834880392E-1,2.782554274E0,2.883930294E0
2.711682708E0,-5.644713418E-1,2.702427392E-1,1.423880627E0,1.555344037E0
2.721670708E0,-5.688159692E-1,3.087141657E-1,4.846523166E-2,6.490030213E-1
2.731658708E0,-5.453444416E-1,2.879082741E-1,-9.682907259E-1,1.147988965E0
2.741646708E0,-4.361164432E-1,3.162508978E-1,-1.602218950E0,1.690360241E0
2.751634708E0,-1.981392978E-1,3.587873451E-1,-1.867166231E0,1.911621635E0
2.761622708E0,6.255135689E-2,4.288486100E-1,-1.759716627E0,1.812298654E0
2.771610708E0,1.155812174E-1,3.792317327E-1,-1.437770103E0,1.491428373E0
2.781598708E0,-3.183008585E-2,3.195787675E-1,-1.026757035E0,1.075813066E0
2.791586708E0,-2.601087288E-1,3.566000845E-1,-6.353262931E-1,7.736017514E-1
2.801574708E0,-4.291802933E-1,4.110667521E-1,-3.664338952E-1,6.981729001E-1
2.811562708E0,-4.971542484E-1,4.396549223E-1,-2.273988014E-1,7.015475838E-1
2.821550708E0,-4.768063033E-1,3.836194468E-1,-7.137403786E-2,6.161188068E-1
2.831538708E0,-3.750040861E-1,3.032617468E-1,-1.811233521E-2,4.826218067E-1
2.841527292E0,-2.109104938E-1,1.951379768E-1,-1.133453518E-1,3.088838539E-1
2.851515292E0,-9.949808534E-2,2.934523847E-2,-2.528529006E-1,2.733049604E-1
2.861503292E0,2.673858628E-3,-1.699448096E-1,-4.376886499E-1,4.695314069E-1
2.871491292E0,9.847697876E-2,-2.864591513E-1,-6.580088121E-1,7.243839848E-1
2.881479292E0,1.907081079E-1,-3.496781506E-1,-8.688605779E-1,9.558049463E-1
2.891467292E0,2.963565688E-1,-3.643162895E-1,-1.180137688E0,1.270149022E0
2.901455292E0,4.082033341E-1,-3.592303448E-1,-1.468921144E0,1.566335127E0
2.911443292E0,5.355510132E-1,-3.023580961E-1,-1.684568211E0,1.793322438E0
2.921431292E0,6.473045336E-1,-1.804175748E-1,-1.949284528E0,2.061859314E0
2.931419292E0,7.219996438E-1,-6.746882871E-2,-2.265791972E0,2.379001637E0
2.941407292E0,7.759095103E-1,3.460395014E-2,-2.544350402E0,2.660254118E0
2.951395292E0,7.812703107E-1,1.132892368E-1,-2.721822168E0,2.833996059E0
2.961383292E0,7.730057099E-1,1.460962736E-1,-2.854867374E0,2.961275008E0
2.971371292E0,7.877645208E-1,1.415832190E-1,-2.858814830E0,2.968744007E0
2.981359292E0,8.263242768E-1,1.480438807E-1,-2.634069495E0,2.764606826E0
2.991347292E0,8.627220248E-1,8.822552151E-2,-2.447145120E0,2.596265062E0
3.001336292E0,9.008128341E-1,2.337274165E-2,-2.264782158E0,2.437467594E0
3.011324292E0,9.073563069E-1,-2.523742786E-2,-1.998668942E0,2.195133238E0
3.021312292E0,8.680445259E-1,-7.691366256E-2,-1.728137569E0,1.935426689E0
3.031300292E0,7.798624474E-1,-1.389575725E-1,-1.456946046E0,1.658368604E0
3.041288292E0,7.123605088E-1,-1.349182702E-1,-1.093787761E0,1.312262207E0
3.051276292E0,6.871098927E-1,-3.332192070E-2,-6.865631050E-1,9.719049605E-1
3.061264292E0,7.699362141E-1,2.378471683E-2,-3.343771201E-1,8.397473102E-1
3.071252292E0,8.318728459E-1,4.923398520E-2,-5.805349588E-2,8.353482061E-1
3.081240292E0,8.355638277E-1,3.150422007E-2,1.793639249E-1,8.551788372E-1
3.091228292E0,7.198194364E-1,-2.958123758E-2,4.296539909E-1,8.388191834E-1
3.101216292E0,5.017627314E-1,-8.709180121E-2,7.266334891E-1,8.873257846E-1
3.111204292E0,2.027489137E-1,-8.490676068E-2,8.727191556E-1,8.999750021E-1
3.121192292E0,3.649427502E-2,-8.611285854E-2,9.965374553E-1,1.000916658E0
3.131180292E0,5.823218771E-2,-3.646521024E-2,1.304000427E0,1.305809255E0
3.141168292E0,9.022754420E-2,4.072134370E-2,1.602724149E0,1.605778296E0
3.151156292E0,1.000726200E-1,1.448851143E-1,1.774234094E0,1.782950601E0
3.161144292E0,6.961187893E-2,2.265418554E-1,1.897957669E0,1.912697137E0
3.171132292E0,-9.159800364E-3,3.691767510E-1,2.035495875E0,2.068723963E0
3.181120292E0,-2.363163169E-2,4.910523499E-1,2.064744818E0,2.122466025E0
3.191108292E0,1.988035963E-2,4.364585419E-1,1.798417593E0,1.850728810E0
3.201096292E0,1.052358119E-1,2.612428694E-1,1.343083801E0,1.372296072E0
3.211084292E0,-1.195767478E-2,2.627856207E-1,1.094856632E0,1.126015237E0
3.221072292E0,-3.508546835E-1,1.356790661E-1,9.975028306E-1,1.066076787E0
3.231060292E0,-6.671975653E-1,1.141745601E-1,1.174658847E0,1.355732949E0
3.241048292E0,-9.044022936E-1,2.204202957E-1,1.604271907E0,1.854782189E0
3.251036292E0,-9.977963609E-1,2.422491760E-1,2.039515836E0,2.283398145E0
3.261024292E0,-1.069360214E0,2.608396856E-1,2.384503899E0,2.626295385E0
3.271012292E0,-1.116512088E0,2.362265622E-1,2.428215929E0,2.683027176E0
3.281000292E0,-9.881869736E-1,8.233108046E-2,2.204224885E0,2.417002119E0
3.290988292E0,-6.659045266E-1,-5.766560622E-2,1.932174405E0,2.044517570E0
3.300976292E0,-3.033099132E-1,-5.421627888E-2,1.646858348E0,1.675433892E0
3.310964292E0,-1.280681657E-1,-6.832471490E-3,1.197873462E0,1.204719457E0
3.320952292E0,-1.293133120E-1,7.159241309E-2,6.033741832E-1,6.212147867E-1
3.330940292E0,-2.597039736E-1,3.154742048E-1,1.171624142E-1,4.250848846E-1
3.340928292E0,-4.689268148E-1,5.728372456E-1,-9.426881075E-2,7.462717175E-1
3.350916292E0,-6.411583060E-1,6.983348657E-1,-8.500799060E-2,9.518308235E-1
3.360904292E0,-6.649136429E-1,7.508589421E-1,1.209356225E-1,1.010210240E0
3.370892292E0,-6.061812121E-1,6.913836958E-1,4.899411231E-1,1.041877815E0
3.380881292E0,-5.514311007E-1,5.699849738E-1,7.384091967E-1,1.083608449E0
3.390869292E0,-4.904925887E-1,4.323066899E-1,7.229602683E-1,9.747530985E-1
3.400857292E0,-4.948352792E-1,3.246835695E-1,6.394895107E-1,8.713370232E-1
3.410845292E0,-4.989975100E-1,2.000068254E-1,1.624350661E-1,5.615927313E-1
3.420833292E0,-4.051466290E-1,8.159720007E-2,-3.259080130E-1,5.263249253E-1
3.430821292E0,-2.385584866E-1,8.421572942E-2,-6.675023514E-1,7.138359964E-1
3.440809292E0,-1.228881722E-1,7.885671973E-2,-9.435453093E-1,9.547762229E-1
3.450797292E0,-1.177811044E-2,6.901658669E-2,-1.003345953E0,1.005785820E0
3.460785292E0,4.179562340E-2,1.168772162E-1,-1.038378961E0,1.045771497E0
3.470773292E0,8.221348747E-2,1.709438612E-1,-1.100001597E0,1.116236702E0
3.480761292E0,1.201612592E-1,1.074517239E-1,-1.166638806E0,1.177722677E0
3.490749292E0,1.685880180E-1,3.436781399E-2,-1.303903947E0,1.315206665E0
3.500737292E0,2.238290580E-1,-6.674019255E-2,-1.512613878E0,1.530540573E0
3.510725292E0,2.834665463E-1,-1.519679654E-1,-1.705128191E0,1.735197307E0
3.520713292E0,3.018926029E-1,-2.287093087E-1,-1.909243380E0,1.946447373E0
3.530701292E0,2.844230412E-1,-2.877946188E-1,-2.112983177E0,2.151376331E0
3.540689292E0,2.998373980E-1,-2.878669050E-1,-2.205996006E0,2.244813622E0
3.550677292E0,3.117200366E-1,-2.363212140E-1,-2.297093287E0,2.330161940E0
3.560665292E0,2.964394531E-1,-1.748864195E-1,-2.408012629E0,2.432485649E0
3.570653292E0,3.270550174E-1,-9.867158141E-2,-2.451972581E0,2.475655591E0
3.580641292E0,3.592975878E-1,-5.408045903E-2,-2.403436598E0,2.430746168E0
3.590629292E0,4.306218878E-1,-1.384763192E-2,-2.233042887E0,2.274226792E0
3.600617292E0,5.363368059E-1,4.896162372E-2,-2.004468795E0,2.075560059E0
3.610605292E0,6.542580425E-1,5.785300948E-2,-1.786617327E0,1.903523583E0
3.620593292E0,7.120332840E-1,4.585240334E-2,-1.680309684E0,1.825523069E0
3.630581292E0,7.649239808E-1,7.072572783E-4,-1.579093797E0,1.754607197E0
3.640569292E0,7.372868968E-1,-1.548598520E-2,-1.367359686E0,1.553545717E0
3.650557292E0,6.595514537E-1,7.758787394E-2,-1.033088985E0,1.228129004E0
3.660545292E0,5.607911043E-1,1.259329453E-1,-5.825417233E-1,8.183523866E-1
3.670533292E0,4.950348885E-1,1.759762674E-1,-1.785254341E-1,5.548860407E-1
3.680521292E0,5.177601652E-1,1.571753129E-1,-1.397835374E-2,5.412717082E-1
3.690509292E0,5.874264141E-1,1.541629370E-1,5.838152468E-2,6.101183537E-1
3.700497292E0,6.400790562E-1,2.669294876E-1,3.810922801E-2,6.945537148E-1
3.710485292E0,7.371614740E-1,3.228758297E-1,-2.551181120E-1,8.442399488E-1
3.720473292E0,6.972196555E-1,3.915616832E-1,-5.576208901E-1,9.748727388E-1
3.730461292E0,5.008870012E-1,4.813915437E-1,-8.224167287E-1,1.076566246E0
3.740449292E0,3.095688459E-1,4.982905085E-1,-7.972655153E-1,9.898275624E-1
3.750437292E0,1.522839251E-1,4.174471242E-1,-5.088013172E-1,6.755229646E-1
3.760425292E0,-7.908885419E-2,2.338570146E-1,-7.178217351E-2,2.570930387E-1
3.770413292E0,-3.468975803E-1,1.419484690E-3,5.010976106E-1,6.094577602E-1
3.780401292E0,-5.194313360E-1,-2.828667317E-1,1.045776274E0,1.201445178E0
3.790389292E0,-4.239517496E-1,-5.209786189E-1,1.483160868E0,1.628164601E0
3.800377292E0,-1.874796044E-1,-5.478715717E-1,1.473643940E0,1.583331400E0
3.810365292E0,-2.192905589E-1,-5.647558089E-1,1.583334782E0,1.695283606E0
3.820353292E0,-6.330607894E-1,-6.228176370E-1,2.254893347E0,2.423471019E0
3.830341292E0,-1.187690098E0,-5.928677599E-1,3.282370175E0,3.540629028E0
3.840329417E0,-1.334297482E0,-6.055564006E-1,4.188417875E0,4.437329447E0
3.850317417E0,-1.172936988E0,-5.218430566E-1,4.895342739E0,5.060877580E0
3.860306417E0,-9.664780891E-1,-4.537227019E-1,5.222963401E0,5.330974665E0
3.870294417E0,-8.111137685E-1,-3.989289557E-1,4.755579666E0,4.840721829E0
3.880282417E0,-6.346697970E-1,-4.309493319E-1,3.650609105E0,3.730344477E0
3.890270417E0,-3.791901809E-1,-5.508666252E-1,2.463635437E0,2.552790395E0
3.900258417E0,-2.192922948E-1,-6.053614325E-1,1.485732474E0,1.619244440E0
3.910246417E0,-2.025158291E-1,-7.211428075E-1,7.286151105E-1,1.044959133E0
3.920234417E0,-2.000715467E-1,-9.199039932E-1,1.959665090E-1,9.615897530E-1
3.930222417E0,-2.203011587E-1,-1.125556488E0,8.412739992E-2,1.149994534E0
3.940210417E0,-3.771382467E-1,-1.337877586E0,4.379938745E-1,1.457390931E0
3.950198417E0,-5.168437238E-1,-1.437545570E0,9.306755877E-1,1.788804559E0
3.960186417E0,-6.691515586E-1,-1.467724219E0,1.264893079E0,2.049861628E0
3.970174417E0,-7.587023972E-1,-1.418956540E0,1.326009931E0,2.085034611E0
3.980162417E0,-6.898463166E-1,-1.208527382E0,1.248493393E0,1.869535270E0
3.990150417E0,-5.214709179E-1,-1.037303585E0,9.866579998E-1,1.523622215E0
4.000138417E0,-2.801891089E-1,-9.828478079E-1,5.402990985E-1,1.156035841E0
4.010126417E0,-4.800819866E-2,-9.024094163E-1,-5.782136142E-2,9.055334624E-1
4.020114417E0,8.661725398E-2,-8.663309263E-1,-6.184646773E-1,1.067956169E0
4.030102417E0,1.728254952E-1,-8.978627676E-1,-1.106616552E0,1.435488208E0
4.040090417E0,2.665916282E-1,-9.231135298E-1,-1.404037516E0,1.701332134E0
4.050078417E0,3.642657477E-1,-8.983754953E-1,-1.628810332E0,1.895465949E0
4.060066417E0,4.502681669E-1,-9.088808222E-1,-1.789201797E0,2.056708254E0
4.070054417E0,5.292573992E-1,-9.886262456E-1,-1.916658234E0,2.220602178E0
4.080042417E0,5.774819814E-1,-9.635465875E-1,-1.988855560E0,2.284174666E0
4.090030417E0,6.346776176E-1,-9.684011652E-1,-2.067377234E0,2.369528460E0
4.100018417E0,7.132151525E-1,-9.700007442E-1,-2.187902967E0,2.497297878E0
4.110006417E0,7.683330537E-1,-9.800724269E-1,-2.304727412E0,2.619665262E0
4.119994417E0,8.221331388E-1,-9.266356002E-1,-2.497259266E0,2.787626280E0
4.129982417E0,7.953565456E-1,-8.893969495E-1,-2.604484338E0,2.864778810E0
4.139970417E0,7.647006172E-1,-9.105207469E-1,-2.579651797E0,2.840496164E0
4.149958417E0,7.515702559E-1,-9.071201525E-1,-2.463652979E0,2.730807723E0
4.159946417E0,6.882663989E-1,-8.457839566E-1,-2.271754963E0,2.519907091E0
4.169934417E0,6.406697711E-1,-8.490512346E-1,-2.058680086E0,2.317220199E0
4.179922417E0,6.875968927E-1,-9.158788430E-1,-1.788132926E0,2.123450706E0
4.189910417E0,8.102861682E-1,-9.587134252E-1,-1.498113368E0,1.954491947E0
4.199898417E0,8.569320387E-1,-9.742806137E-1,-1.292293131E0,1.831277360E0
4.209886417E0,8.300021023E-1,-9.830789921E-1,-1.133303245E0,1.714562346E0
4.219874417E0,8.055535050E-1,-9.126448942E-1,-9.273175317E-1,1.530279372E0
4.229862417E0,8.012807983E-1,-8.575776444E-1,-7.415058821E-1,1.388279982E0
4.239850417E0,8.080422261E-1,-8.106524963E-1,-5.947922248E-1,1.289909880E0
4.249838417E0,8.393189827E-1,-7.259980430E-1,-4.161282116E-1,1.185197115E0
4.259826417E0,8.284162644E-1,-6.761400045E-1,-3.038055378E-1,1.111636909E0
4.269814417E0,7.044735651E-1,-6.930024243E-1,-4.300334752E-2,9.891332832E-1
4.279802417E0,5.471601482E-1,-6.784143522E-1,3.035032368E-1,9.229000356E-1
4.289790417E0,3.275424559E-1,-6.156505586E-1,5.890069896E-1,9.128192069E-1
4.299778417E0,7.191103153E-2,-5.730271339E-1,8.439947087E-1,1.022672167E0
4.309766417E0,4.770397900E-2,-5.367302504E-1,1.304122049E0,1.411059655E0
4.319754417E0,1.256038750E-1,-4.726946875E-1,1.843997809E0,1.907759031E0
4.329742417E0,-9.796278924E-3,-4.701486636E-1,2.202819799E0,2.252454394E0
4.339730417E0,-1.132855275E-1,-4.281780805E-1,2.426289271E0,2.466383933E0
4.349718417E0,-8.314459261E-2,-4.292462938E-1,2.362107309E0,2.402231534E0
4.359706417E0,-6.091325942E-2,-4.150127091E-1,2.051366973E0,2.093812893E0
4.369694417E0,-7.644598581E-2,-4.684718283E-1,1.742977803E0,1.806455497E0
4.379682417E0,-1.654375565E-1,-5.300998002E-1,1.632695807E0,1.724549501E0
4.389670417E0,-2.797470594E-1,-6.202137988E-1,1.776830842E0,1.902643271E0
4.399658417E0,-3.308748207E-1,-5.493718576E-1,2.186019579E0,2.278150386E0
4.409646417E0,-4.071900116E-1,-4.470219755E-1,2.639720829E0,2.708091284E0
4.419634417E0,-5.505431280E-1,-3.675607999E-1,2.982500982E0,3.055079506E0
4.429622417E0,-6.184863120E-1,-2.501468092E-1,3.242488655E0,3.310412576E0
4.439610417E0,-5.184560570E-1,-4.876855597E-2,3.014311590E0,3.058962147E0
4.449598417E0,-3.252852480E-1,9.708256401E-2,2.421317384E0,2.444997626E0
4.459586417E0,-1.464348548E-1,1.518445160E-1,1.622974226E0,1.636626183E0
4.469574417E0,-2.983209226E-2,4.028081082E-2,7.088854355E-1,7.106553722E-1
4.479562417E0,-5.714264587E-2,-1.116014928E-1,-1.063053042E-1,1.643806341E-1
4.489550417E0,-1.356857356E-1,-1.577162900E-1,-6.088465923E-1,6.434121696E-1
4.499538417E0,-1.145583202E-1,-1.296655885E-1,-7.860464627E-1,8.048638487E-1
4.509526417E0,-8.519945037E-2,-1.095032195E-1,-6.202878392E-1,6.356153749E-1
4.519514417E0,-1.620553991E-1,-1.220982682E-1,-1.710702342E-1,2.653958637E-1
4.529502417E0,-2.753193650E-1,-1.822064757E-1,4.236869073E-1,5.371317789E-1
4.539490417E0,-3.512040546E-1,-2.207011814E-1,1.048389979E0,1.127463901E0
4.549479417E0,-4.188512599E-1,-2.071237274E-1,1.522988008E0,1.593056524E0
4.559467417E0,-3.693254165E-1,-1.813560712E-1,1.741020740E0,1.788978620E0
4.569455417E0,-2.946906971E-1,-1.245731022E-1,1.649517077E0,1.680258210E0
4.579443417E0,-2.282364882E-1,-8.895624988E-2,1.244657035E0,1.268533107E0
4.589431417E0,-1.680250774E-1,-1.030540330E-1,5.579582745E-1,5.917516341E-1
4.599419417E0,-6.701632731E-2,-1.710238950E-1,-2.710617149E-1,3.274367329E-1
4.609407417E0,1.640131200E-1,-2.574590448E-1,-1.027220719E0,1.071619275E0
4.619395417E0,3.608140266E-1,-3.812535902E-1,-1.623809794E0,1.706546017E0
4.629383417E0,4.765583448E-1,-5.072671540E-1,-2.066135285E0,2.180216237E0
4.639371417E0,5.010640987E-1,-5.961226856E-1,-2.441562783E0,2.562743903E0
4.649359417E0,5.735777224E-1,-5.892344463E-1,-2.741879872E0,2.862532772E0
4.659347417E0,6.865997232E-1,-5.549381876E-1,-2.887670254E0,3.019605118E0
4.669335417E0,7.407359500E-1,-5.408154807E-1,-2.919928758E0,3.060580841E0
4.679323417E0,7.512762871E-1,-5.553740975E-1,-2.823996999E0,2.974527778E0
4.689311417E0,7.012755767E-1,-5.625255346E-1,-2.720801829E0,2.865481636E0
4.699299417E0,7.012194434E-1,-5.683756008E-1,-2.601606923E0,2.753746196E0
4.709287417E0,6.875063340E-1,-5.639445808E-1,-2.489077842E0,2.643143385E0
4.719275417E0,6.978833876E-1,-5.609287331E-1,-2.378234514E0,2.541196897E0
4.729263417E0,7.071897429E-1,-5.429449636E-1,-2.203204545E0,2.376766045E0
4.739251417E0,6.512601019E-1,-4.793382939E-1,-2.055010958E0,2.208387411E0
4.749239417E0,5.808251269E-1,-3.881178559E-1,-1.862607742E0,1.989296584E0
4.759227417E0,5.406977690E-1,-3.384081906E-1,-1.573234887E0,1.697628401E0
4.769215417E0,5.992091018E-1,-2.783175979E-1,-1.216276989E0,1.384139425E0
4.779203417E0,7.616070747E-1,-2.751926997E-1,-8.616281569E-1,1.182446379E0
4.789191417E0,9.120829037E-1,-2.954565910E-1,-5.901957285E-1,1.125842271E0
4.799179417E0,9.761755501E-1,-3.781400941E-1,-2.658085763E-1,1.080075384E0
4.809167417E0,9.622717483E-1,-3.958572306E-1,3.082125843E-2,1.040970612E0
4.819155417E0,8.428237306E-1,-3.416784652E-1,2.210387850E-1,9.359242272E-1
4.829143417E0,6.603881903E-1,-2.977144933E-1,2.870105803E-1,7.791800527E-1
4.839130708E0,5.638105334E-1,-2.594574038E-1,1.934814423E-1,6.501042458E-1
4.849118708E0,4.839449497E-1,-2.760279013E-1,2.315205038E-2,5.576110957E-1
4.859106708E0,3.518484909E-1,-2.810963409E-1,-3.798468232E-2,4.519461799E-1
4.869094708E0,1.394028836E-1,-3.463005430E-1,1.230254173E-1,3.930553185E-1
4.879082708E0,-3.906981591E-3,-4.918859801E-1,4.850394022E-1,6.908185751E-1
4.889070708E0,-1.341418514E-1,-5.469116416E-1,1.168849638E0,1.297426629E0
4.899058708E0,-3.698154862E-1,-6.429802253E-1,2.029872608E0,2.161150127E0
4.909046708E0,-6.061783616E-1,-7.759372115E-1,2.965097330E0,3.124313194E0
4.919034708E0,-7.087809165E-1,-9.182066926E-1,3.468002315E0,3.656844811E0
4.929022708E0,-7.060876890E-1,-1.072411803E0,3.396100273E0,3.630719483E0
4.939010708E0,-7.473740747E-1,-1.165428432E0,3.106301156E0,3.400867288E0
4.948998708E0,-9.494318475E-1,-1.229294060E0,3.102636706E0,3.469717459E0
4.958986708E0,-1.190793946E0,-1.360420649E0,3.441839533E0,3.887800655E0
4.968974708E0,-1.182596661E0,-1.330823359E0,3.834664251E0,4.227797961E0
4.978962708E0,-7.354031432E-1,-1.327476120E0,3.863160072E0,4.150544106E0
4.988950708E0,-2.553642980E-1,-1.205454231E0,3.551718071E0,3.759392515E0
4.998938708E0,-1.311028889E-2,-1.183676715E0,2.922948845E0,3.153552346E0
5.008926708E0,7.930719288E-2,-1.154598366E0,2.101819088E0,2.399381274E0
5.018914708E0,1.607666362E-1,-1.022020206E0,1.183830789E0,1.572204360E0
5.028902708E0,9.877252811E-2,-8.603107792E-1,1.813531476E-1,8.847483333E-1
5.038890708E0,5.427719043E-2,-8.515694111E-1,-6.899281776E-1,1.097322817E0
5.048878708E0,1.286136470E-1,-9.072386317E-1,-1.214794135E0,1.521626825E0
5.058866708E0,2.373741513E-1,-9.041412154E-1,-1.422274981E0,1.701964731E0
5.068854708E0,4.727725285E-1,-7.117143915E-1,-1.359694571E0,1.605870656E0
5.078842708E0,4.191026171E-1,-8.304360388E-1,-1.185285577E0,1.506709301E0
5.088830708E0,2.396476950E-1,-8.122627464E-1,-8.270909929E-1,1.183757280E0
5.098818708E0,1.575006008E-1,-5.734516783E-1,-2.939529794E-1,6.633714049E-1
5.108806708E0,1.555945181E-1,-3.738365799E-1,3.035897756E-1,5.060930689E-1
5.118794708E0,-2.196194647E-1,-6.763882188E-1,6.940089494E-1,9.936710491E-1
5.128782708E0,-5.999380669E-1,-8.222044748E-1,7.789432651E-1,1.281677999E0
5.138770708E0,-5.173011588E-1,-6.706026913E-1,8.073706734E-1,1.170109338E0
5.148758708E0,-3.721121264E-1,-5.839024069E-1,5.580132383E-1,8.892627449E-1
5.158746708E0,-3.442508381E-1,-5.375808376E-1,1.265512884E-2,6.384841022E-1
5.168734708E0,-1.832379976E-1,-4.190709325E-1,-6.782559657E-1,8.180634237E-1
5.178722708E0,1.142364492E-1,-3.250508477E-1,-1.339670196E0,1.383265793E0
5.188710708E0,3.109100145E-1,-2.633296127E-1,-1.888430216E0,1.931884107E0
5.198698708E0,3.705735046E-1,-2.831013877E-1,-2.235485854E0,2.283608574E0
5.208686708E0,3.943781043E-1,-3.391508601E-1,-2.408658746E0,2.464182289E0
5.218674708E0,4.268427958E-1,-3.373096450E-1,-2.484178460E0,2.543052337E0
5.228662708E0,4.280338736E-1,-3.549980205E-1,-2.525577332E0,2.586073752E0
5.238650708E0,4.283932215E-1,-4.091295330E-1,-2.507890674E0,2.576901892E0
5.248638708E0,5.063641977E-1,-4.230334809E-1,-2.423925242E0,2.512125714E0
5.258626708E0,5.426261441E-1,-4.373587207E-1,-2.334617209E0,2.436424285E0
5.268614708E0,5.319173707E-1,-4.525747108E-1,-2.274418370E0,2.379230732E0
5.278602708E0,5.389083382E-1,-4.599436643E-1,-2.191483802E0,2.303165566E0
5.288590708E0,4.925385294E-1,-4.075140204E-1,-2.066368589E0,2.162993534E0
5.298578708E0,4.467111229E-1,-3.296996034E-1,-1.904244595E0,1.983532237E0
5.308566708E0,4.090050239E-1,-3.552656402E-1,-1.664612834E0,1.750552676E0
5.318554708E0,4.190555470E-1,-4.116593309E-1,-1.381009426E0,1.500752475E0
5.328542708E0,5.283494362E-1,-3.881982917E-1,-1.075067900E0,1.259214847E0
5.338530708E0,6.349410347E-1,-4.120554432E-1,-8.356144792E-1,1.127471225E0
5.348518708E0,6.747277558E-1,-4.058765077E-1,-6.433065730E-1,1.016777572E0
5.358506708E0,6.152500243E-1,-3.295549945E-1,-5.754081202E-1,9.045626521E-1
5.368494708E0,5.203983193E-1,-2.795665631E-1,-5.661630875E-1,8.182374445E-1
5.378482708E0,3.924067521E-1,-2.476953823E-1,-4.863456702E-1,6.722114046E-1
5.388470708E0,3.290435093E-1,-1.838214766E-1,-2.481745434E-1,4.512766006E-1
5.398458708E0,2.914244972E-1,-5.914582886E-2,1.634928274E-1,3.393469777E-1
5.408446708E0,1.604972806E-1,-3.378437150E-2,6.186184591E-1,6.399918427E-1
5.418434708E0,-2.847126245E-2,-4.794102877E-2,1.010698827E0,1.012235681E0
5.428422708E0,-2.708561853E-1,-9.473046670E-2,1.380180876E0,1.409693649E0
5.438410708E0,-4.674699079E-1,-1.664006843E-1,1.713935267E0,1.784318190E0
5.448398708E0,-5.637518419E-1,-1.754631559E-1,1.893452389E0,1.983372232E0
5.458386708E0,-5.048959984E-1,-1.818613803E-1,1.800054814E0,1.878347908E0
5.468374708E0,-2.812954386E-1,-1.543251242E-1,1.627679481E0,1.659000862E0
5.478362708E0,-1.127574326E-1,-1.075185283E-1,1.263037173E0,1.272610456E0
5.488350708E0,-1.701847282E-1,-1.640848215E-1,8.520942718E-1,8.842801131E-1
5.498338708E0,-4.754139351E-1,-2.184704321E-1,8.424241465E-1,9.916784671E-1
5.508326708E0,-8.399180299E-1,-1.761073546E-1,1.352287318E0,1.601610779E0
5.518314708E0,-1.091781728E0,-1.719625924E-2,2.117227671E0,2.382212430E0
5.528302708E0,-1.104601602E0,1.325010130E-1,2.933348703E0,3.137233786E0
5.538290708E0,-9.103711313E-1,2.044181110E-1,3.573586072E0,3.693383243E0
5.548278708E0,-6.311882917E-1,2.061799867E-1,3.789429021E0,3.847165340E0
5.558266708E0,-2.579171924E-1,1.421527561E-1,3.410123650E0,3.422816384E0
5.568254708E0,-7.034529336E-3,9.713158926E-2,2.563725151E0,2.565574143E0
5.578242708E0,-3.019231729E-2,-8.394792695E-3,1.628485227E0,1.628786721E0
5.588230708E0,-1.603660654E-1,-3.120198525E-2,8.002043259E-1,8.167115782E-1
5.598218708E0,-2.922191704E-1,-7.168607818E-2,1.253227884E-1,3.259397776E-1
5.608206708E0,-4.399127115E-1,-2.717562910E-2,-4.354737246E-1,6.195958952E-1
5.618194708E0,-5.345627972E-1,9.218404083E-2,-5.487863320E-1,7.716357429E-1
5.628182708E0,-5.701909420E-1,2.573157514E-1,-2.300440818E-1,6.665203567E-1
5.638170708E0,-5.852057147E-1,3.340396262E-1,3.407792366E-1,7.551017736E-1
5.648158708E0,-5.834480417E-1,3.300670644E-1,1.166477423E0,1.345371868E0
5.658146708E0,-5.538479742E-1,2.745131618E-1,1.873627989E0,1.972963988E0
5.668134708E0,-4.907793946E-1,2.888669434E-1,2.246983234E0,2.318025491E0
5.678122708E0,-3.342946744E-1,2.595254142E-1,2.008012208E0,2.052125580E0
5.688110708E0,-1.227471081E-1,2.331471261E-1,1.235723659E0,1.263502036E0
5.698098708E0,3.157967884E-2,1.173968510E-1,2.121989644E-1,2.445561228E-1
5.708086708E0,7.199342245E-2,-3.904732240E-2,-8.578356528E-1,8.617364757E-1
5.718074708E0,1.203859476E-1,-1.717073614E-1,-1.737259811E0,1.749870808E0
5.728062708E0,1.279051381E-1,-2.403273242E-1,-2.371969807E0,2.387542191E0
5.738050708E0,1.528939816E-1,-2.375633088E-1,-2.782443177E0,2.796748635E0
5.748038708E0,2.204495318E-1,-2.337753728E-1,-3.001895612E0,3.019043919E0
5.758026708E0,2.723799697E-1,-2.332790173E-1,-3.080760518E0,3.101563366E0
5.768014708E0,4.174551641E-1,-2.258500567E-1,-3.011887334E0,3.049055981E0
5.778002708E0,5.865385510E-1,-1.633673315E-1,-2.909166373E0,2.972198739E0
5.787990708E0,7.134829549E-1,-1.622127988E-1,-2.823130442E0,2.916408135E0
5.797978708E0,7.708501339E-1,-2.117151804E-1,-2.767822798E0,2.880950588E0
5.807966708E0,7.945677562E-1,-2.005271179E-1,-2.834158291E0,2.950254609E0
5.817954708E0,8.124852329E-1,-1.864874781E-1,-2.847412759E0,2.966929263E0
5.827942708E0,7.792679317E-1,-2.108110912E-1,-2.878530471E0,2.989588182E0
5.837931583E0,7.041044596E-1,-1.726573147E-1,-2.872803708E0,2.962865975E0
5.847919583E0,5.876828145E-1,-4.475060519E-2,-2.803007249E0,2.864301546E0
5.857907583E0,4.824409362E-1,7.524584480E-2,-2.643512163E0,2.688227623E0
5.867895583E0,4.837254963E-1,2.053712072E-1,-2.298630520E0,2.357937649E0
5.877883583E0,6.528006971E-1,3.465634485E-1,-1.791256508E0,1.937744785E0
5.887871583E0,7.963027713E-1,4.542292170E-1,-1.148935776E0,1.469855674E0
5.897859583E0,9.347579674E-1,4.888260956E-1,-6.584567088E-1,1.243498551E0
5.907847583E0,1.077675028E0,4.964895661E-1,-2.700548244E-1,1.216887408E0
5.917835583E0,1.109068144E0,4.895726389E-1,-8.395490706E-2,1.215220944E0
5.927823583E0,9.955730302E-1,4.773552838E-1,-1.140247983E-1,1.109970892E0
5.937811583E0,8.812865690E-1,4.186998902E-1,-1.329054576E-1,9.847027345E-1
5.947799583E0,7.426494513E-1,4.066508983E-1,-1.171191448E-1,8.547573075E-1
5.957787583E0,6.570180745E-1,3.689870454E-1,-5.346635520E-2,7.554355307E-1
5.967775583E0,6.049136820E-1,3.388150106E-1,1.945807189E-1,7.201234826E-1
5.977763583E0,5.194151100E-1,3.285193795E-1,6.007949764E-1,8.594600880E-1
5.987751583E0,2.981859799E-1,3.089969151E-1,1.095741316E0,1.176878500E0
5.997740583E0,5.999751236E-2,3.028196607E-1,1.615928332E0,1.645151610E0
6.007728583E0,-2.226491630E-1,2.176491175E-1,2.098343503E0,2.121317809E0
6.017716583E0,-6.076778801E-1,8.253108264E-2,2.502060415E0,2.576119195E0
6.027704583E0,-9.094147461E-1,-6.612453099E-2,2.808175018E0,2.952499715E0
6.037692583E0,-1.059161939E0,-1.577678551E-1,2.858605499E0,3.052595635E0
6.047680583E0,-1.178915766E0,-2.386619641E-1,2.891663318E0,3.131855466E0
6.057668583E0,-1.269007618E0,-2.111213042E-1,3.236443804E0,3.482746192E0
6.067656583E0,-1.342208034E0,-9.523676248E-2,3.590028443E0,3.833914014E0
6.077644583E0,-1.422299686E0,-4.653743207E-2,3.701315575E0,3.965455726E0
6.087632583E0,-1.253374649E0,8.097682877E-2,3.690995824E0,3.898840267E0
6.097620583E0,-1.030223411E0,1.149636601E-1,3.478617935E0,3.629787825E0
6.107608583E0,-9.553840207E-1,1.438896075E-2,2.860567240E0,3.015926160E0
6.117596583E0,-9.686734262E-1,-1.416985553E-1,2.007321067E0,2.233325895E0
6.127584583E0,-9.141050901E-1,-2.857736932E-1,1.234277642E0,1.562272709E0
6.137572583E0,-8.608706501E-1,-3.540868050E-1,6.321079856E-1,1.125182762E0
6.147560583E0,-7.045087945E-1,-5.054767731E-1,1.076875859E-1,8.737482623E-1
6.157548583E0,-5.056392892E-1,-6.083912769E-1,-3.891906738E-1,8.816350817E-1
6.167536583E0,-3.369229613E-1,-6.874411375E-1,-6.757381546E-1,1.021133906E0
6.177524583E0,-2.538118805E-1,-7.460755543E-1,-6.695944852E-1,1.034120872E0
6.187512583E0,-1.956133372E-1,-7.453984467E-1,-4.397258198E-1,8.872667122E-1
6.197500583E0,-1.580335745E-1,-6.593875855E-1,-1.318827796E-1,6.907674472E-1
6.207488583E0,-1.827611572E-1,-4.959943800E-1,1.389058703E-1,5.465408552E-1
6.217476583E0,-2.186095227E-1,-2.811092779E-1,2.771504205E-1,4.512481636E-1
6.227464583E0,-3.290897754E-1,-1.349934983E-1,4.373401558E-1,5.637284247E-1
6.237452583E0,-3.591281282E-1,-1.047700446E-1,5.329976803E-1,6.511806984E-1
6.247440583E0,-2.446264895E-1,1.604662355E-2,5.060654050E-1,5.623182441E-1
6.257428583E0,-3.750583190E-2,1.411046518E-1,3.563164580E-1,3.850696410E-1
6.267416583E0,1.350212361E-1,1.742504617E-1,5.924574316E-2,2.282630405E-1
6.277404583E0,3.044676984E-1,2.270760717E-1,-2.913948226E-1,4.787223249E-1
6.287392583E0,4.436076036E-1,2.411680441E-1,-5.581892395E-1,7.526785227E-1
6.297380583E0,5.560914778E-1,2.392154396E-1,-8.779149914E-1,1.066394153E0
6.307368583E0,6.306438428E-1,2.292726879E-1,-1.224712182E0,1.396494737E0
6.317356583E0,6.267096899E-1,1.353382282E-1,-1.443951194E0,1.579897631E0
6.327344583E0,6.257812252E-1,5.911494825E-2,-1.632466596E0,1.749298118E0
6.337332583E0,6.070384870E-1,-4.863229757E-3,-1.777773414E0,1.878562665E0
6.347320583E0,5.866034916E-1,-5.249635238E-2,-1.915184151E0,2.003694052E0
6.357308583E0,6.231303169E-1,-6.729708045E-2,-1.991146499E0,2.087458902E0
6.367296583E0,6.622655851E-1,-7.270753194E-2,-2.082985792E0,2.186941220E0
6.377284583E0,6.592200628E-1,-8.381429980E-2,-2.198953035E0,2.297170080E0
6.387272583E0,6.640203345E-1,-5.150676595E-2,-2.230371879E0,2.327688697E0
6.397260583E0,7.260162424E-1,-2.620155835E-2,-2.195500254E0,2.312575939E0
6.407248583E0,7.695576069E-1,9.744425998E-3,-2.152388733E0,2.285845822E0
6.417236583E0,6.864808054E-1,2.421995295E-2,-2.036243150E0,2.148983170E0
6.427224583E0,5.810450188E-1,3.427097862E-2,-2.019951637E0,2.102139965E0
6.437212583E0,5.049041845E-1,-1.154620439E-2,-1.872294824E0,1.939213619E0
6.447200583E0,4.604402025E-1,-4.877290484E-2,-1.548550866E0,1.616290122E0
6.457188583E0,5.316736880E-1,-7.984167407E-2,-1.220711517E0,1.333862141E0
6.467176583E0,6.880412811E-1,-3.076493329E-2,-9.093724269E-1,1.140747779E0
6.477164583E0,7.375968723E-1,2.542034064E-2,-5.552340567E-1,9.235692705E-1
6.487152583E0,6.540771443E-1,5.195185326E-2,-3.122869241E-1,7.266629402E-1
6.497140583E0,4.454378186E-1,8.397488809E-2,-2.448825610E-1,5.152029704E-1
6.507128583E0,2.370568303E-1,1.249232682E-1,-2.309094697E-1,3.537243940E-1
6.517116583E0,1.143903772E-1,1.634192256E-1,-1.428299367E-1,2.453393415E-1
6.527104583E0,1.041949344E-1,2.644095386E-1,1.239288121E-1,3.100440920E-1
6.537092583E0,3.613696218E-2,4.260564914E-1,4.308702117E-1,6.070248374E-1
6.547080583E0,-1.410013662E-1,5.935559772E-1,7.195033944E-1,9.433319765E-1
6.557068583E0,-4.242381535E-1,7.224701254E-1,9.603098613E-1,1.274415993E0
6.567056583E0,-6.985052390E-1,8.482430032E-1,1.276881625E0,1.684592665E0
6.577044583E0,-8.982903452E-1,9.726941910E-1,1.767413317E0,2.208349919E0
6.587032583E0,-1.087619022E0,1.033830924E0,2.155584236E0,2.626454819E0
6.597020583E0,-1.264868813E0,9.803172791E-1,2.371911920E0,2.861272660E0
6.607008583E0,-1.321106017E0,9.295897597E-1,2.374979954E0,2.872279236E0
6.616996583E0,-1.279472380E0,8.411530349E-1,2.138599829E0,2.630246610E0
6.626984583E0,-1.321996110E0,6.363161536E-1,1.789743834E0,2.314250408E0
6.636972583E0,-1.497270346E0,5.301870699E-1,1.440985487E0,2.144610918E0
6.646960583E0,-1.616660695E0,6.648716891E-1,1.413072633E0,2.247758980E0
6.656948583E0,-1.489673059E0,8.611081932E-1,1.780165510E0,2.475807420E0
6.666936583E0,-1.200091165E0,1.040050168E0,2.515031294E0,2.974442060E0
6.676924583E0,-9.403284636E-1,1.145834413E0,3.191699156E0,3.519104662E0
6.686912583E0,-8.298766065E-1,1.019188472E0,3.578947384E0,3.812650614E0
6.696900583E0,-1.045069857E0,8.018459317E-1,3.795910075E0,4.017967297E0
6.706888583E0,-1.082591659E0,6.400490892E-1,3.715938876E0,3.922992387E0
6.716876583E0,-9.723187266E-1,5.113838131E-1,3.148591728E0,3.334748413E0
6.726864583E0,-8.142890990E-1,4.834894881E-1,2.350109991E0,2.533741461E0
6.736852583E0,-6.294576620E-1,4.902703579E-1,1.375353414E0,1.590024838E0
6.746840583E0,-4.746466708E-1,4.670533304E-1,4.401637763E-1,7.982308096E-1
6.756828583E0,-3.748861185E-1,4.466365709E-1,-4.110931742E-1,7.134573752E-1
6.766816583E0,-3.847865875E-1,5.291709700E-1,-9.932092202E-1,1.189347379E0
6.776804583E0,-4.616758654E-1,7.669706525E-1,-1.218717032E0,1.512170556E0
6.786792583E0,-5.007076379E-1,9.420973925E-1,-1.189631812E0,1.597961039E0
6.796780583E0,-5.509541141E-1,1.053545323E0,-1.053368298E0,1.588424677E0
6.806768583E0,-6.752836798E-1,1.139308701E0,-7.653677845E-1,1.529647086E0
6.816756583E0,-6.786796696E-1,1.164450047E0,-4.562605762E-1,1.422927869E0
6.826744583E0,-5.837096680E-1,1.140212753E0,-2.497831124E-1,1.305064635E0
6.836732583E0,-3.972239441E-1,1.143782186E0,-3.221231103E-1,1.252911748E0
6.846720167E0,-1.179657303E-1,1.136948545E0,-4.780122185E-1,1.238976831E0
6.856708167E0,1.271458040E-1,1.094476125E0,-7.189806533E-1,1.315666076E0
6.866696167E0,2.282941381E-1,1.004446253E0,-1.070537478E0,1.485624778E0
6.876684167E0,2.026986642E-1,9.009696856E-1,-1.346841806E0,1.633038877E0
6.886672167E0,1.451969810E-1,8.464740743E-1,-1.487362093E0,1.717511722E0
6.896660167E0,1.410255225E-1,8.966301014E-1,-1.582794499E0,1.824574516E0
6.906648167E0,1.490478659E-1,9.364691551E-1,-1.576386536E0,1.839615246E0
6.916636167E0,1.430896628E-1,9.155030863E-1,-1.560333590E0,1.814734544E0
6.926624167E0,1.408998988E-1,9.131081399E-1,-1.653025407E0,1.893703317E0
6.936612167E0,1.299228295E-1,8.817681603E-1,-1.788672624E0,1.998435584E0
6.946600167E0,2.049554702E-1,8.461700191E-1,-1.910540877E0,2.099565881E0
6.956588167E0,3.280166651E-1,8.574639161E-1,-1.950170966E0,2.155459602E0
6.966576167E0,3.469391686E-1,8.868391581E-1,-1.953679295E0,2.173410515E0
6.976564167E0,3.073498276E-1,9.072937417E-1,-1.949669859E0,2.172293353E0
6.986552167E0,3.352977642E-1,9.767646571E-1,-2.010708359E0,2.260407461E0
6.996540167E0,3.889974599E-1,1.006332346E0,-1.989347895E0,2.263079509E0
7.006528167E0,4.012542106E-1,9.644359490E-1,-1.907725443E0,2.174984599E0
7.016516167E0,3.802963279E-1,9.357631038E-1,-1.836758371E0,2.096177282E0
7.026504167E0,3.515120202E-1,9.180372696E-1,-1.651917359E0,1.922286162E0
7.036492167E0,3.614555393E-1,8.385463462E-1,-1.392907341E0,1.665533230E0
7.046480167E0,3.943728418E-1,7.784491023E-1,-1.176631697E0,1.464914706E0
7.056468167E0,4.363802623E-1,7.938208475E-1,-1.081826697E0,1.411002577E0
7.066456167E0,4.575114053E-1,8.449635923E-1,-1.060272691E0,1.430894244E0
7.076444167E0,4.109905556E-1,8.822641504E-1,-1.037836339E0,1.422816761E0
7.086432167E0,3.433153933E-1,9.505189180E-1,-1.052051505E0,1.458822828E0
7.096420167E0,3.535332930E-1,9.965739273E-1,-1.006628580E0,1.459947424E0
7.106408167E0,4.591410609E-1,1.016745652E0,-9.301540160E-1,1.452504295E0
7.116396167E0,6.398734535E-1,1.003217680E0,-7.505421692E-1,1.406839471E0
7.126384167E0,7.201286810E-1,9.229218142E-1,-5.672629488E-1,1.300829445E0
7.136372167E0,6.500283860E-1,8.854872818E-1,-4.527791440E-1,1.188121872E0
7.146360167E0,5.936437951E-1,9.468974449E-1,-3.281258619E-1,1.164772213E0
7.156348167E0,5.564687694E-1,1.044460796E0,-3.279703259E-3,1.183455366E0
7.166336167E0,5.531250026E-1,1.072301875E0,3.190036207E-1,1.248015180E0
7.176324167E0,6.384846666E-1,1.117074736E0,6.058200735E-1,1.422159132E0
7.186312167E0,6.729165807E-1,1.193530443E0,8.290837240E-1,1.601471656E0
7.196300167E0,5.548974033E-1,1.111266697E0,8.867080343E-1,1.526131036E0
7.206288167E0,2.761639222E-1,9.318791639E-1,8.256350362E-1,1.275279774E0
7.216276167E0,-7.609526251E-2,7.479071215E-1,6.505957121E-1,9.941983363E-1
7.226264167E0,-3.314080502E-1,6.283583855E-1,4.237015253E-1,8.271569010E-1
7.236252167E0,-4.215265804E-1,6.232847565E-1,2.109599394E-1,7.814554636E-1
7.246240167E0,-4.477536084E-1,6.052118534E-1,8.455249250E-2,7.575709903E-1
7.256228167E0,-4.852841813E-1,6.223134609E-1,1.306273824E-1,7.998989269E-1
7.266216167E0,-4.386621382E-1,6.977947292E-1,4.750950426E-1,9.513449716E-1
7.276204167E0,-2.696735493E-1,8.695661907E-1,8.974955624E-1,1.278423822E0
7.286192167E0,-8.316019736E-3,9.514891903E-1,1.034011091E0,1.405197414E0
7.296180167E0,1.114466878E-1,9.714900300E-1,9.294254529E-1,1.349090403E0
7.306168167E0,-2.728844382E-2,9.781345135E-1,7.402317739E-1,1.226961639E0
7.316156167E0,-3.734801555E-1,9.287455679E-1,5.787001026E-1,1.156265352E0
7.326144167E0,-8.139379737E-1,9.979497772E-1,5.462866473E-1,1.398866643E0
7.336132167E0,-1.081295185E0,1.100437580E0,8.174518579E-1,1.745963827E0
7.346120167E0,-1.212362278E0,1.193566550E0,1.332072909E0,2.160750248E0
7.356108167E0,-1.238194984E0,1.205315945E0,2.070462225E0,2.696799431E0
7.366096167E0,-1.230958324E0,1.174930085E0,2.622772674E0,3.126444562E0
7.376084167E0,-1.159432259E0,1.033251392E0,2.710569202E0,3.123952144E0
7.386072167E0,-9.723788068E-1,9.546176700E-1,2.447831583E0,2.801552230E0
7.396060167E0,-7.631502280E-1,9.234395121E-1,1.863518153E0,2.215364239E0
7.406048167E0,-7.020879011E-1,9.308888648E-1,1.160102788E0,1.644785694E0
7.416036167E0,-8.145165557E-1,9.355189095E-1,5.775382608E-1,1.368277491E0
7.426024167E0,-9.594558755E-1,8.862393799E-1,3.315102303E-1,1.347544006E0
7.436012167E0,-9.698569757E-1,8.828453636E-1,3.838661993E-1,1.366525429E0
7.446000167E0,-6.975516312E-1,9.704929335E-1,4.847832942E-1,1.289747903E0
7.455988167E0,-3.852268463E-1,1.098312848E0,4.434616059E-1,1.245531626E0
7.465976167E0,-1.917066114E-1,1.204530810E0,2.324414402E-1,1.241642026E0
7.475964167E0,-1.321963548E-1,1.177901201E0,6.445385814E-2,1.187047352E0
7.485952167E0,-1.507800304E-1,1.108816640E0,-2.339599621E-1,1.143217487E0
7.495940167E0,-1.502420866E-1,1.103155586E0,-6.156071430E-1,1.272201668E0
7.505928167E0,-7.574784653E-2,1.044153379E0,-9.834853005E-1,1.436397351E0
7.515916167E0,-4.121057292E-2,1.021514714E0,-1.237197157E0,1.604944681E0
7.525904167E0,-1.422117764E-2,1.001872601E0,-1.279162039E0,1.624871217E0
7.535892167E0,8.960598517E-2,9.581308233E-1,-1.276527869E0,1.598614183E0
7.545880167E0,1.648988818E-1,9.621290032E-1,-1.259761562E0,1.593701055E0
7.555868167E0,2.331960417E-1,9.638808290E-1,-1.229229156E0,1.579383096E0
7.565856167E0,2.746784370E-1,9.309622474E-1,-1.163417575E0,1.515149961E0
7.575843167E0,2.856994518E-1,8.874479994E-1,-1.131793494E0,1.466337151E0
7.585831167E0,3.354603899E-1,8.644808672E-1,-1.114885685E0,1.450114110E0
7.595820167E0,4.215860027E-1,8.306034154E-1,-1.124955175E0,1.460534470E0
7.605807167E0,4.556279075E-1,7.996433587E-1,-1.146266522E0,1.470018105E0
7.615795167E0,4.422487107E-1,6.982683536E-1,-1.125092000E0,1.396063976E0
7.625784167E0,4.156261551E-1,6.814769045E-1,-1.237726915E0,1.472794550E0
7.635771167E0,4.281889710E-1,6.646851629E-1,-1.381850840E0,1.592062783E0
7.645759167E0,4.778985998E-1,6.527593280E-1,-1.444366347E0,1.655498703E0
7.655747167E0,4.963850471E-1,6.933577158E-1,-1.433298152E0,1.667778951E0
7.665735167E0,5.736618857E-1,7.185242781E-1,-1.214566094E0,1.523330527E0
7.675723167E0,6.823566180E-1,6.825324731E-1,-7.922819334E-1,1.248668008E0
7.685711167E0,7.523734441E-1,7.066113802E-1,-3.911377966E-1,1.103790840E0
7.695699167E0,8.958830465E-1,8.722675312E-1,-6.856620491E-2,1.252261316E0
7.705687167E0,8.520756338E-1,6.695998938E-1,-9.606975317E-4,1.083696372E0
7.715675167E0,6.007352982E-1,4.696579360E-1,-2.808885455E-2,7.630533790E-1
7.725663167E0,4.020616015E-1,4.044482156E-1,1.106351674E-1,5.809234293E-1
7.735651167E0,2.383635551E-1,3.945864479E-1,4.911631912E-1,6.736148229E-1
7.745639167E0,8.725989039E-2,4.856351239E-1,1.036489141E0,1.147939677E0
7.755627167E0,-4.803650284E-2,5.418506937E-1,1.345653067E0,1.451444748E0
7.765615167E0,-1.105398943E-1,7.097036071E-1,1.581121611E0,1.736618504E0
7.775603167E0,-1.934463225E-1,8.519877063E-1,1.839246361E0,2.036205223E0
7.785591167E0,-1.970715779E-1,9.131158143E-1,1.989116930E0,2.197544962E0
7.795579167E0,-5.542453291E-2,9.711889715E-1,2.201981308E0,2.407280951E0
7.805567167E0,4.479104234E-2,1.054189978E0,2.303022364E0,2.533226156E0
7.815555167E0,4.048091350E-3,1.135348381E0,2.236484558E0,2.508165767E0
7.825543167E0,-2.345497452E-1,1.220061161E0,2.143796250E0,2.477786347E0
7.835531167E0,-3.492751678E-1,1.451811606E0,2.194141361E0,2.654054708E0
7.845519042E0,-5.851166543E-1,1.158469661E0,2.279713608E0,2.623262775E0
7.855507042E0,-9.492302647E-1,8.267179406E-1,2.367340567E0,2.681194138E0
7.865495042E0,-1.008512553E0,6.608618148E-1,2.703115171E0,2.959842485E0
7.875483042E0,-8.295551558E-1,6.274968714E-1,2.979995450E0,3.156309073E0
7.885471042E0,-6.569421338E-1,3.612881262E-1,2.939116981E0,3.033234364E0
7.895459042E0,-4.780107567E-1,-1.820885081E-2,2.565797989E0,2.610008653E0
7.905447042E0,-1.894067005E-1,-1.523518351E-1,1.715497643E0,1.732633298E0
7.915435042E0,1.835335013E-2,-2.793002956E-2,6.851258594E-1,6.859405041E-1
7.925423042E0,5.355156010E-2,1.470910221E-1,-2.818983597E-1,3.224441402E-1
7.935411042E0,-1.591567516E-1,3.330300678E-1,-1.088573799E0,1.149448917E0
7.945399042E0,-3.267639723E-1,5.717822983E-1,-1.614239071E0,1.743409725E0
7.955387042E0,-3.582993219E-1,8.613504142E-1,-1.744425573E0,1.978212203E0
7.965375042E0,-2.527499531E-1,1.064517404E0,-1.481224855E0,1.841495836E0
7.975363042E0,-1.582041670E-1,1.102176177E0,-1.060678487E0,1.537810046E0
7.985351042E0,-1.795359975E-1,1.050187267E0,-5.811307901E-1,1.213605976E0
7.995339042E0,-2.768185545E-1,7.922225842E-1,-1.519422376E-1,8.528373694E-1
8.005327042E0,-4.418806284E-1,4.946491550E-1,-1.337375164E-2,6.634117376E-1
8.015315042E0,-4.284751556E-1,4.020265547E-1,-1.180833507E-1,5.992995807E-1
8.025303042E0,-1.746247566E-1,4.785941626E-1,-3.121974617E-1,5.975060110E-1
8.035291042E0,6.831864384E-2,6.516461644E-1,-5.906997585E-1,8.821770601E-1
8.045279042E0,1.718544920E-1,7.107872424E-1,-9.476535630E-1,1.196996134E0
8.055267042E0,2.783425216E-1,7.111488926E-1,-1.241373823E0,1.457469134E0
8.065255042E0,3.733904739E-1,6.938572872E-1,-1.493515702E0,1.688622970E0
8.075243042E0,3.668790876E-1,5.924982890E-1,-1.619805620E0,1.763356100E0
8.085231042E0,2.470604661E-1,4.560708341E-1,-1.625530044E0,1.706278818E0
8.095219042E0,1.172778602E-1,3.482289547E-1,-1.513855242E0,1.557811027E0
8.105207042E0,6.066161902E-2,2.834540479E-1,-1.368372424E0,1.398738403E0
8.115195042E0,1.135298863E-1,3.231926757E-1,-1.226475703E0,1.273414775E0
8.125183042E0,2.048619512E-1,4.618137500E-1,-1.136340289E0,1.243587395E0
8.135171042E0,3.618943363E-1,5.963677936E-1,-1.119281037E0,1.318867732E0
8.145159042E0,4.592626829E-1,7.080456291E-1,-1.177126957E0,1.448405571E0
8.155147042E0,4.765650691E-1,8.855383719E-1,-1.282375084E0,1.629655893E0
8.165135042E0,4.757108640E-1,1.021614263E0,-1.432413468E0,1.822581925E0
8.175123042E0,4.777410173E-1,1.063471264E0,-1.511380116E0,1.908789528E0
8.185111042E0,5.476725105E-1,9.383608025E-1,-1.646115167E0,1.972349188E0
8.195099042E0,5.799009014E-1,9.531740655E-1,-1.632475367E0,1.977321845E0
8.205087042E0,6.659434837E-1,9.775851676E-1,-1.334435184E0,1.783219208E0
8.215075042E0,7.965322745E-1,9.864191410E-1,-1.018893115E0,1.626539137E0
8.225063042E0,8.663595776E-1,1.029587819E0,-7.905008715E-1,1.560615783E0
8.235051042E0,8.748994361E-1,1.011160245E0,-7.271182233E-1,1.522036457E0
8.245039042E0,8.695376124E-1,1.014990537E0,-6.096020526E-1,1.468984722E0
8.255027042E0,9.082963930E-1,1.030330707E0,-5.306295580E-1,1.472464408E0
8.265015042E0,1.007093580E0,1.062399835E0,-5.293115956E-1,1.556631508E0
8.275003042E0,1.096786067E0,1.052690752E0,-3.760455483E-1,1.566048451E0
8.284991042E0,1.152694658E0,1.012451091E0,-1.980060178E-1,1.546922290E0
8.294979042E0,1.136739580E0,9.586044478E-1,1.148451626E-2,1.487020933E0
8.304967042E0,1.129452049E0,9.511371879E-1,2.000730085E-1,1.490084927E0
8.314955042E0,1.135873608E0,9.624109121E-1,4.898306108E-1,1.567283524E0
8.324943042E0,1.030539526E0,9.706332667E-1,6.572317171E-1,1.560799213E0
8.334931042E0,6.825435097E-1,9.299955565E-1,6.692459911E-1,1.333659467E0
8.344919042E0,1.129845969E-1,8.357293770E-1,9.184800500E-1,1.246922096E0
8.354907042E0,-4.123951299E-1,7.052744874E-1,1.536555303E0,1.740254017E0
8.364895042E0,-6.839554661E-1,5.015867302E-1,2.211777733E0,2.368827783E0
8.374883042E0,-7.424632175E-1,3.986654290E-1,2.667874002E0,2.797809401E0
8.384871042E0,-5.954310696E-1,4.227121399E-1,3.066274626E0,3.152025348E0
8.394859042E0,-4.946085168E-1,4.481359432E-1,3.334556574E0,3.400695658E0
8.404847042E0,-4.909336149E-1,4.425203869E-1,3.444202977E0,3.507046372E0
8.414835042E0,-5.706568189E-1,4.810664019E-1,3.484265175E0,3.563309964E0
8.424823042E0,-7.667272621E-1,4.975244867E-1,3.358809071E0,3.480948101E0
8.434811042E0,-9.627985825E-1,4.581968817E-1,3.056976383E0,3.237596346E0
8.444799042E0,-9.362709345E-1,4.323313944E-1,2.615736135E0,2.811687967E0
8.454787042E0,-7.564048800E-1,4.803988326E-1,1.886505897E0,2.088500869E0
8.464775042E0,-5.529915399E-1,5.221690755E-1,1.068415523E0,1.311476998E0
8.474763042E0,-3.555594628E-1,5.032689741E-1,3.701053619E-1,7.188046820E-1
8.484751042E0,-3.062095292E-1,5.082193731E-1,-4.080374193E-1,7.201012030E-1
8.494739042E0,-2.808335086E-1,5.188051723E-1,-1.015100611E0,1.174076453E0
8.504727042E0,-2.654845858E-1,4.917991490E-1,-1.476998488E0,1.579200114E0
8.514715042E0,-2.644182546E-1,4.366148087E-1,-1.673744431E0,1.749848543E0
8.524703042E0,-3.056352412E-1,4.165535966E-1,-1.469200056E0,1.557394813E0
8.534691042E0,-4.399731936E-1,4.623913088E-1,-9.476933241E-1,1.142586876E0
8.544679042E0,-6.119881551E-1,5.254735197E-1,-2.454421395E-1,8.431451629E-1
8.554667042E0,-6.367492861E-1,5.207831392E-1,5.114828503E-1,9.686482528E-1
8.564655042E0,-5.815527398E-1,4.522268745E-1,1.174198671E0,1.386165666E0
8.574643042E0,-5.406837722E-1,4.099065549E-1,1.598420014E0,1.736464473E0
8.584631042E0,-4.556953332E-1,4.272110973E-1,1.652282810E0,1.766410497E0
8.594619042E0,-4.380113431E-1,5.207416970E-1,1.379286836E0,1.538004561E0
8.604607042E0,-5.089573648E-1,5.276233582E-1,8.804848427E-1,1.145721417E0
8.614595042E0,-5.666628782E-1,5.119186141E-1,3.369329381E-1,8.346803519E-1
8.624583042E0,-5.704291429E-1,5.631205619E-1,-8.750475168E-2,8.063195743E-1
8.634571042E0,-5.431319648E-1,5.144309068E-1,-3.493220186E-1,8.256254367E-1
8.644559042E0,-4.880578811E-1,4.729082570E-1,-4.271063590E-1,8.026596768E-1
8.654547042E0,-3.326083374E-1,4.428587580E-1,-4.195657897E-1,6.948292146E-1
8.664535042E0,-1.317580329E-1,4.561984496E-1,-4.573002112E-1,6.592425106E-1
8.674523042E0,2.817332854E-2,3.580834135E-1,-6.265887988E-1,7.222402579E-1
8.684511042E0,1.221544928E-1,2.954793585E-1,-8.953923190E-1,9.507666256E-1
8.694499042E0,1.732735381E-1,2.787099095E-1,-1.271427342E0,1.313099547E0
8.704487042E0,1.899673754E-1,2.171165093E-1,-1.714936311E0,1.739032413E0
8.714475042E0,2.432122307E-1,1.481564670E-1,-2.070935265E0,2.090424693E0
8.724463042E0,3.569292827E-1,1.355255310E-1,-2.372189078E0,2.402716526E0
8.734451042E0,4.168141266E-1,8.891811507E-2,-2.634270054E0,2.668523780E0
8.744439042E0,4.426989097E-1,6.550528801E-2,-2.789834642E0,2.825500061E0
8.754427042E0,4.414681074E-1,1.467296185E-2,-2.742507863E0,2.777851466E0
8.764415042E0,4.292760415E-1,-2.060465378E-2,-2.488426462E0,2.525266071E0
8.774403042E0,3.958901943E-1,-5.926820469E-2,-2.049466628E0,2.088194250E0
8.784391042E0,4.051423532E-1,-1.028084865E-1,-1.592243600E0,1.646192453E0
8.794379042E0,4.807111470E-1,-1.433163794E-1,-1.171546374E0,1.274418965E0
8.804367042E0,6.270772605E-1,-1.764512075E-1,-8.653616041E-1,1.083148940E0
8.814355042E0,7.164720516E-1,-1.770237230E-1,-6.320699787E-1,9.716903093E-1
8.824343042E0,7.700242147E-1,-1.314836158E-1,-3.927791101E-1,8.743572849E-1
8.834331042E0,7.396050254E-1,-9.867187377E-2,-2.476319218E-1,7.861763803E-1
8.844320333E0,7.207155953E-1,-4.161290704E-2,-1.738728046E-1,7.425593279E-1
8.854308333E0,6.987197587E-1,1.601271884E-2,-9.095928669E-3,6.989624055E-1
8.864296333E0,6.194189429E-1,2.338031106E-2,2.362140638E-1,6.633427091E-1
8.874284333E0,4.478659846E-1,-1.242558908E-2,4.932173181E-1,6.663344942E-1
8.884272333E0,2.955126146E-1,-1.941139466E-2,6.544782633E-1,7.183636299E-1
8.894260333E0,6.790748865E-2,-1.093757045E-1,8.849708265E-1,8.942862157E-1
8.904248333E0,-1.400517236E-1,-1.294001341E-1,1.095331426E0,1.111804755E0
8.914236333E0,-2.998472104E-1,-1.266782826E-2,1.242453219E0,1.278185756E0
8.924224333E0,-4.000836346E-1,1.279567215E-2,1.305435918E0,1.365427984E0
8.934212333E0,-4.366026758E-1,-1.139936436E-1,1.458155835E0,1.526379667E0
8.944200333E0,-3.577972288E-1,-1.805490093E-1,1.485824275E0,1.538925137E0
8.954188333E0,-1.027374428E-1,-6.513240010E-2,1.456970020E0,1.462039278E0
8.964176333E0,8.295086704E-2,-4.720113216E-2,1.603895931E0,1.606733006E0
8.974164333E0,3.708793871E-2,-6.151550893E-2,1.860836036E0,1.862221905E0
8.984152333E0,-1.107371647E-1,-3.130431153E-2,2.052746331E0,2.055969401E0
8.994140333E0,-3.545030902E-1,-1.096755936E-1,2.300263647E0,2.330003010E0
9.004128333E0,-7.021501008E-1,-1.809486665E-1,2.697310055E0,2.793069766E0
9.014116333E0,-8.282168743E-1,-1.759221441E-1,2.910573213E0,3.031225531E0
9.024104333E0,-8.226630427E-1,-2.825741882E-2,2.986543162E0,3.097904618E0
9.034092333E0,-7.479155269E-1,1.575055892E-1,2.742911906E0,2.847411345E0
9.044080333E0,-4.594847310E-1,2.914209706E-1,2.057313591E0,2.128048781E0
9.054068333E0,-1.019724443E-1,3.876975873E-1,1.147953444E0,1.215937871E0
9.064056333E0,1.144476616E-1,3.877456076E-1,3.449722749E-1,5.314609994E-1
9.074044333E0,2.146578647E-2,2.695162044E-1,-3.187586224E-1,4.179794538E-1
9.084032333E0,-2.332605438E-1,1.557456504E-1,-9.418911320E-1,9.827645158E-1
9.094020333E0,-4.342730354E-1,4.888199195E-3,-1.446842642E0,1.510619276E0
9.104008333E0,-5.244675063E-1,-7.200352717E-2,-1.833653499E0,1.908542855E0
9.113996333E0,-5.294610285E-1,-1.211360723E-1,-1.988368487E0,2.061216187E0
9.123984333E0,-5.183371758E-1,-1.463242694E-1,-1.811904196E0,1.890259515E0
9.133972333E0,-5.058031574E-1,-1.268773803E-1,-1.212647038E0,1.320018008E0
9.143960333E0,-5.819563073E-1,-7.067028891E-2,-3.261097419E-1,6.708315714E-1
9.153948333E0,-6.760302231E-1,2.123230898E-2,4.728631604E-1,8.252679819E-1
9.163936333E0,-5.818447351E-1,1.492620567E-1,1.064838197E0,1.222580403E0
9.173924333E0,-3.961451694E-1,2.486526629E-1,1.279322253E0,1.362139702E0
9.183912333E0,-1.701122410E-1,2.452841550E-1,9.612951171E-1,1.006573789E0
9.193900333E0,6.330780387E-3,2.103305780E-1,3.608030266E-1,4.176815231E-1
9.203888333E0,1.269242494E-1,2.105513286E-1,-2.224918181E-1,3.315784012E-1
9.213875333E0,2.403604706E-1,2.211988342E-1,-7.277146393E-1,7.976657673E-1
9.223863333E0,2.767691090E-1,2.658620236E-1,-1.114714361E0,1.178928269E0
9.233852333E0,2.628058301E-1,2.100434614E-1,-1.398920617E0,1.438806468E0
9.243840333E0,1.691916334E-1,1.255251568E-1,-1.501627545E0,1.516333623E0
9.253827333E0,1.530615957E-1,3.019038497E-2,-1.528532923E0,1.536473953E0
9.263815333E0,1.935130904E-1,-1.472648899E-2,-1.639933491E0,1.651377013E0
9.273803333E0,2.438721621E-1,-1.299929686E-2,-1.829503146E0,1.845731393E0
9.283791333E0,3.172889248E-1,-4.460111747E-2,-1.989298194E0,2.014936432E0
9.293779333E0,3.719492814E-1,-3.722198613E-2,-2.040009926E0,2.073974986E0
9.303767333E0,4.244718960E-1,2.461181690E-2,-2.009094527E0,2.053592694E0
9.313755333E0,4.378458304E-1,9.321243815E-2,-1.851895643E0,1.905233582E0
9.323743333E0,3.567088062E-1,1.764879718E-1,-1.559203323E0,1.609193643E0
9.333731333E0,2.906527196E-1,2.625358167E-1,-1.340256087E0,1.396313159E0
9.343719333E0,2.800118652E-1,3.049996306E-1,-1.307958407E0,1.371928064E0
9.353707333E0,2.668328441E-1,3.390433444E-1,-1.328134224E0,1.396456471E0
9.363695333E0,2.076168669E-1,3.604645093E-1,-1.227930490E0,1.296477039E0
9.373683333E0,1.844494310E-1,3.812107594E-1,-9.822427672E-1,1.069646712E0
9.383671333E0,2.783265149E-1,4.177145612E-1,-7.140882879E-1,8.728534737E-1
9.393659333E0,4.341197653E-1,4.327531613E-1,-3.690534478E-1,7.154968320E-1
9.403647333E0,5.169835453E-1,4.048491519E-1,-1.355448908E-1,6.704828405E-1
9.413635333E0,5.636135553E-1,4.312946830E-1,-6.954385936E-2,7.131000573E-1
9.423623333E0,5.279021242E-1,4.410516029E-1,-5.108127594E-3,6.879195172E-1
9.433611333E0,4.291881870E-1,5.148639297E-1,-1.313617927E-1,6.830397401E-1
9.443599333E0,3.756447948E-1,6.077954822E-1,-1.636928022E-1,7.330209366E-1
9.453587333E0,2.975422562E-1,5.287076513E-1,-2.286846042E-2,6.071129559E-1
9.463575333E0,2.429286773E-1,4.205318959E-1,3.183481479E-1,5.806952393E-1
9.473563333E0,2.629263193E-1,3.135820093E-1,8.368102348E-1,9.315123697E-1
9.483551333E0,2.139117052E-1,1.394005630E-1,1.406208587E0,1.429200239E0
9.493539333E0,2.188563483E-2,-6.270199578E-2,1.836806318E0,1.838006521E0
9.503527333E0,-2.567189334E-1,-1.540184194E-1,2.071765569E0,2.093284228E0
9.513515333E0,-4.490116734E-1,-2.406839860E-1,2.214608370E0,2.272450329E0
9.523503333E0,-5.199151200E-1,-2.767120438E-1,2.208364128E0,2.285553196E0
9.533491333E0,-3.910147128E-1,-4.526321597E-1,2.048746836E0,2.134275515E0
9.543479333E0,-2.083610713E-1,-5.694209368E-1,1.832128546E0,1.929857390E0
9.553467333E0,-2.223345645E-1,-5.170199443E-1,1.671404375E0,1.763614149E0
9.563455333E0,-5.115886849E-1,-4.908753620E-1,1.647057738E0,1.793176176E0
9.573443333E0,-8.242920770E-1,-4.533017024E-1,1.826447391E0,2.054470719E0
9.583431333E0,-9.314877659E-1,-2.444817892E-1,2.111579846E0,2.320821029E0
9.593419333E0,-8.352855733E-1,4.633685430E-3,2.350651444E0,2.494651412E0
9.603407333E0,-5.996073703E-1,8.336945459E-2,2.258518036E0,2.338243611E0
9.613395333E0,-3.682755854E-1,3.149367681E-2,1.681909482E0,1.722044792E0
9.623383333E0,-2.366837596E-1,-1.293753382E-1,8.880388606E-1,9.281003168E-1
9.633371333E0,-1.218998192E-1,-3.687989478E-1,2.205903035E-1,4.466903982E-1
9.643359333E0,-1.237268091E-1,-5.325072451E-1,-1.975698155E-1,5.812969305E-1
9.653347333E0,-4.830126294E-2,-6.564106949E-1,-5.395331132E-1,8.510605106E-1
9.663335333E0,9.237237599E-2,-7.227306920E-1,-7.525343156E-1,1.047463701E0
9.673323333E0,2.012218037E-1,-6.289672268E-1,-7.977063954E-1,1.035579780E0
9.683311333E0,2.318771108E-1,-4.838064803E-1,-5.942039949E-1,8.005711039E-1
9.693299333E0,1.423371809E-1,-2.533446149E-1,-3.051544905E-1,4.213818103E-1
9.703287333E0,2.870632966E-2,2.663308058E-2,-2.613471508E-1,2.642644652E-1
9.713275333E0,-3.730902742E-2,3.582156336E-1,-3.148526824E-1,4.783749735E-1
9.723263333E0,-1.451703214E-1,6.608023924E-1,-3.303010261E-1,7.528831197E-1
9.733251333E0,-2.649117596E-1,8.769648188E-1,-2.446445793E-1,9.482069943E-1
9.743239333E0,-2.717057309E-1,1.008430034E0,-1.300414914E-1,1.052457091E0
9.753227333E0,-2.137691610E-1,9.918821946E-1,-1.083646935E-1,1.020426601E0
9.763215333E0,-5.595286082E-2,8.420623501E-1,-2.805160779E-1,8.893193993E-1
9.773203333E0,1.117163998E-1,6.339828953E-1,-6.081788403E-1,8.856050854E-1
9.783191333E0,2.431496290E-1,4.536168308E-1,-9.061938804E-1,1.042150335E0
9.793179333E0,2.984969238E-1,2.808251946E-1,-1.066484773E0,1.142520448E0
9.803167333E0,3.049524692E-1,1.443176694E-1,-1.204600684E0,1.250954198E0
9.813155333E0,3.087545115E-1,5.647493495E-2,-1.349268985E0,1.385296200E0
9.823143333E0,2.942476243E-1,2.122660794E-2,-1.469790040E0,1.499104731E0
9.833131333E0,2.828420272E-1,1.654827811E-2,-1.591605084E0,1.616626179E0
9.843118417E0,3.753923412E-1,1.063987957E-1,-1.694507309E0,1.738848795E0
9.853106417E0,4.559309029E-1,1.951799854E-1,-1.835081390E0,1.900918705E0
9.863094417E0,4.937889565E-1,2.593294411E-1,-2.009890333E0,2.085842383E0
9.873082417E0,5.225639087E-1,2.362147033E-1,-2.154138220E0,2.229166188E0
9.883070417E0,5.670201431E-1,1.971936568E-1,-2.122650964E0,2.205911216E0
9.893058417E0,5.088370218E-1,1.197905914E-1,-1.981299788E0,2.049100717E0
9.903046417E0,4.385980016E-1,-2.826576937E-2,-1.934107495E0,1.983415983E0
9.913034417E0,4.329971730E-1,-9.909066232E-2,-1.921351794E0,1.972028962E0
9.923022417E0,4.285861066E-1,-1.481352069E-1,-1.685004414E0,1.744955577E0
9.933010417E0,3.723132706E-1,-1.627477825E-1,-1.414278914E0,1.471492052E0
9.942998417E0,4.247744163E-1,-6.199932491E-2,-1.088190222E0,1.169801342E0
9.952986417E0,4.956592980E-1,1.579654545E-2,-7.597193742E-1,9.072492480E-1
9.962974417E0,5.244863636E-1,1.406351113E-1,-3.726044619E-1,6.585577159E-1
9.972962417E0,4.909435186E-1,1.439658680E-1,7.995658100E-2,5.178269638E-1
9.982950417E0,4.468693266E-1,8.656470213E-2,3.816085893E-1,5.939787523E-1
9.992938417E0,3.985154844E-1,2.081387674E-2,4.450070250E-1,5.977282502E-1
1.000292642E1,3.803659098E-1,-4.378089929E-2,4.597887862E-1,5.983316140E-1
1.001291442E1,2.584459451E-1,-1.214832873E-1,4.958134818E-1,5.721743654E-1
1.002290242E1,3.899727389E-4,-1.223350622E-1,5.962405801E-1,6.086615224E-1
1.003289042E1,-2.248567244E-1,-3.539869638E-2,8.602908987E-1,8.898955245E-1
1.004287842E1,-3.515520005E-1,7.432956783E-2,1.291033056E0,1.340104491E0
1.005286642E1,-3.767445099E-1,4.223774599E-2,1.722957521E0,1.764172064E0
1.006285442E1,-2.633811413E-1,6.005485162E-2,2.000127237E0,2.018287684E0
1.007284242E1,-5.881293956E-2,1.176829991E-1,2.047656330E0,2.051878333E0
1.008283042E1,8.014246764E-2,1.378638782E-1,1.783751022E0,1.790864867E0
1.009281842E1,3.007451417E-2,6.280399315E-2,1.225895659E0,1.227871729E0
1.010280642E1,-2.421146901E-1,-8.207870001E-2,7.037346232E-1,7.487314980E-1
1.011279442E1,-6.776858622E-1,-1.656434882E-1,5.886696053E-1,9.128131228E-1
1.012278242E1,-1.041750539E0,-4.190743312E-2,8.410126287E-1,1.339515830E0
1.013277042E1,-1.197908326E0,1.555694848E-1,1.315209539E0,1.785766601E0
1.014275842E1,-1.095564876E0,3.106684514E-1,1.729038041E0,2.070350171E0
1.015274642E1,-8.081373165E-1,4.683092392E-1,1.930103322E0,2.144224405E0
1.016273442E1,-4.684264759E-1,4.306521106E-1,1.735590430E0,1.848555854E0
1.017272242E1,-2.293981837E-1,2.553222529E-1,1.425205021E0,1.465954410E0
1.018271042E1,-1.045241783E-1,1.092394918E-1,1.086124985E0,1.096597489E0
1.019269842E1,-9.931227179E-2,-5.473421428E-2,6.252451086E-1,6.354448893E-1
1.020268642E1,-1.821524986E-1,-1.948194132E-1,1.019520521E-1,2.855317100E-1
1.021267442E1,-2.975710720E-1,-2.597715455E-1,-4.089747280E-1,5.685860769E-1
1.022266242E1,-4.426623281E-1,-1.864388913E-1,-6.890499258E-1,8.399399962E-1
1.023265042E1,-5.576667908E-1,2.336954853E-2,-7.365585530E-1,9.241519828E-1
1.024263842E1,-7.311061706E-1,2.347228410E-1,-3.583039266E-1,8.473445277E-1
1.025262542E1,-9.252128995E-1,3.104912077E-1,3.631284642E-1,1.041290536E0
1.026261342E1,-8.911421241E-1,3.545417549E-1,9.828713429E-1,1.373269900E0
1.027260142E1,-6.795219610E-1,4.208863834E-1,1.616783195E0,1.803575155E0
1.028258942E1,-4.355827021E-1,4.724375927E-1,2.043641047E0,2.142288099E0
1.029257742E1,-1.591426817E-1,4.777323927E-1,2.117359818E0,2.176411549E0
1.030256542E1,-4.376314751E-2,4.334976215E-1,1.704272743E0,1.759085269E0
1.031255342E1,-1.590120147E-2,3.125307530E-1,8.295585179E-1,8.866203553E-1
1.032254142E1,-4.653927302E-2,1.404774557E-1,-9.166738451E-2,1.740767902E-1
1.033252942E1,-1.714550906E-1,3.367895717E-3,-7.327707267E-1,7.525696836E-1
1.034251742E1,-3.197485560E-1,-4.907146001E-2,-1.139242262E0,1.184280405E0
1.035250542E1,-3.684178190E-1,-6.344563827E-2,-1.386076623E0,1.435606298E0
1.036249342E1,-3.002262744E-1,1.555784200E-2,-1.512049622E0,1.541645848E0
1.037248142E1,-2.258803161E-1,1.149137486E-1,-1.579001995E0,1.599210552E0
1.038246942E1,-8.407715041E-2,1.303171967E-1,-1.584857397E0,1.592427238E0
1.039245742E1,1.568162756E-1,1.931787027E-1,-1.640698307E0,1.659457830E0
1.040244542E1,3.125106898E-1,2.316231224E-1,-1.783805401E0,1.825725585E0
1.041243342E1,3.154648127E-1,2.327153457E-1,-1.941296062E0,1.980480972E0
1.042242142E1,3.117666681E-1,1.900086348E-1,-2.079799059E0,2.111602676E0
1.043240942E1,3.258199028E-1,1.886969764E-1,-2.180747729E0,2.213012837E0
1.044239742E1,3.286063203E-1,1.919606729E-1,-2.313898185E0,2.344985250E0
1.045238542E1,3.177537419E-1,1.664937829E-1,-2.382250382E0,2.409108653E0
1.046237342E1,2.946715292E-1,2.318554030E-1,-2.450762208E0,2.479278854E0
1.047236142E1,3.118040537E-1,3.557367431E-1,-2.403115586E0,2.449231495E0
1.048234942E1,3.369861843E-1,4.405803904E-1,-2.128520983E0,2.199607316E0
1.049233742E1,3.559671234E-1,4.892338293E-1,-1.700000768E0,1.804456966E0
1.050232542E1,3.447737619E-1,5.130958778E-1,-1.244474602E0,1.389551496E0
1.051231342E1,3.791321107E-1,4.783576427E-1,-7.089351368E-1,9.354978460E-1
1.052230142E1,5.594873945E-1,4.691784643E-1,-1.005311787E-1,7.370624762E-1
1.053228942E1,7.275682396E-1,5.179467645E-1,2.117966759E-1,9.178683054E-1
1.054227742E1,6.980692559E-1,4.853536901E-1,2.503596479E-1,8.863119337E-1
1.055226542E1,5.577884129E-1,3.834026978E-1,1.272564626E-1,6.887087552E-1
1.056225342E1,4.206931694E-1,3.285168579E-1,1.862864435E-2,5.340909053E-1
1.057224142E1,2.512709912E-1,2.450915989E-1,8.549214005E-3,3.511126485E-1
1.058222942E1,1.233912338E-1,1.877733173E-1,3.602761924E-2,2.275570360E-1
1.059221742E1,8.010074227E-2,1.975512872E-1,2.381208408E-1,3.196000231E-1
1.060220542E1,4.984471774E-2,2.159913588E-1,5.698655444E-1,6.114601391E-1
1.061219342E1,4.766271958E-2,1.536132622E-1,8.438204616E-1,8.590120725E-1
1.062218142E1,-1.830136472E-2,5.353970122E-2,1.042203040E0,1.043737810E0
1.063216942E1,-2.353594201E-1,-3.601819061E-2,1.255071511E0,1.277456795E0
1.064215742E1,-5.017958412E-1,-1.511929535E-1,1.433389369E0,1.526192471E0
1.065214542E1,-7.618233486E-1,-2.328170507E-1,1.469232216E0,1.671293480E0
1.066213342E1,-8.187535943E-1,-2.961198479E-1,1.426601921E0,1.671298134E0
1.067212142E1,-6.308243025E-1,-3.361662585E-1,1.176594860E0,1.376707129E0
1.068210942E1,-5.165072896E-1,-2.371333557E-1,8.807620007E-1,1.048214535E0
1.069209742E1,-7.387189530E-1,-3.306650518E-1,9.121691501E-1,1.219466124E0
1.070208542E1,-1.164261328E0,-6.302553684E-1,1.347621825E0,1.889129655E0
1.071207342E1,-1.294365969E0,-5.270547896E-1,2.260995501E0,2.658057688E0
1.072206142E1,-1.135393844E0,-2.753731593E-1,3.030617720E0,3.248013750E0
1.073204942E1,-8.574704211E-1,-1.914452591E-1,3.312287453E0,3.426828707E0
1.074203742E1,-6.335073705E-1,-1.139751700E-1,3.054367356E0,3.121455089E0
1.075202542E1,-3.211503529E-1,-3.070029415E-2,2.449429627E0,2.470584051E0
1.076201342E1,-3.691679802E-2,-1.344763121E-1,1.536116762E0,1.542433608E0
1.077200142E1,2.743939335E-2,-3.035118980E-1,6.898609346E-1,7.541753786E-1
1.078198942E1,-1.740630950E-1,-4.425030645E-1,9.200476885E-2,4.843261305E-1
1.079197742E1,-4.146406069E-1,-6.359640782E-1,-4.314701360E-1,8.732374361E-1
1.080196542E1,-5.825638696E-1,-8.077384633E-1,-7.732118243E-1,1.260824576E0
1.081195342E1,-5.040008628E-1,-8.215161113E-1,-7.256189972E-1,1.206411422E0
1.082194142E1,-3.359157784E-1,-6.684760590E-1,-2.563653231E-1,7.908367913E-1
1.083192942E1,-2.817365562E-1,-5.530326531E-1,4.867467892E-1,7.887604448E-1
1.084191742E1,-3.805739976E-1,-4.770559064E-1,1.210178343E0,1.355341480E0
1.085190554E1,-4.317618756E-1,-3.631564578E-1,1.735996812E0,1.825372801E0
1.086189354E1,-3.870096258E-1,-3.410243080E-1,1.910159054E0,1.978580714E0
1.087188154E1,-3.249024746E-1,-3.935223643E-1,1.784022333E0,1.855574616E0
1.088186954E1,-2.294937309E-1,-4.554462053E-1,1.257009863E0,1.356529548E0
1.089185754E1,-1.903936374E-1,-5.718402223E-1,5.229416388E-1,7.979466991E-1
1.090184554E1,-1.624463951E-1,-6.675095142E-1,-1.767677611E-1,7.093691735E-1
1.091183354E1,-1.501834500E-1,-6.449621391E-1,-7.915223801E-1,1.032007223E0
1.092182154E1,-1.485568551E-1,-5.947747562E-1,-1.391567159E0,1.520620040E0
1.093180954E1,-1.703919572E-1,-4.925955763E-1,-1.810130151E0,1.883681232E0
1.094179754E1,-1.379489187E-1,-4.413704954E-1,-1.960524631E0,2.014322379E0
1.095178554E1,-3.667036529E-2,-4.403378406E-1,-2.010127146E0,2.058118867E0
1.096177354E1,1.244045836E-1,-3.967605888E-1,-2.012962461E0,2.055459397E0
1.097176154E1,2.923915171E-1,-3.772554469E-1,-2.096263649E0,2.149915291E0
1.098174954E1,4.017848820E-1,-4.328837735E-1,-2.181710765E0,2.260239217E0
1.099173754E1,4.323305173E-1,-5.515036062E-1,-2.340214164E0,2.442881134E0
1.100172554E1,4.239193341E-1,-6.383779550E-1,-2.485095888E0,2.600564475E0
1.101171354E1,3.788761489E-1,-7.118270966E-1,-2.518565935E0,2.644507388E0
1.102170154E1,4.004508397E-1,-7.292080913E-1,-2.451825816E0,2.589122467E0
1.103168954E1,4.605915358E-1,-7.359957585E-1,-2.331001291E0,2.487448761E0
1.104167754E1,4.854741427E-1,-7.251901039E-1,-2.171552982E0,2.340347877E0
1.105166554E1,4.898341191E-1,-7.189335101E-1,-1.885501930E0,2.076516406E0
1.106165354E1,4.856495592E-1,-6.781164365E-1,-1.486214869E0,1.704268768E0
1.107164154E1,4.907954379E-1,-6.663269149E-1,-1.213375601E0,1.468724640E0
1.108162954E1,5.306366843E-1,-6.566537198E-1,-1.006885858E0,1.313997157E0
1.109161754E1,7.008792816E-1,-5.766420288E-1,-7.813593346E-1,1.197610206E0
1.110160554E1,8.249507658E-1,-5.116153628E-1,-6.349058783E-1,1.159913583E0
1.111159354E1,9.074348789E-1,-5.586154284E-1,-4.915397519E-1,1.173499290E0
1.112158154E1,8.730300082E-1,-6.220988680E-1,-2.960492063E-1,1.112130176E0
1.113156954E1,7.047488958E-1,-6.615532480E-1,-1.228915161E-1,9.743849500E-1
1.114155754E1,4.714629715E-1,-7.110004465E-1,3.788352549E-2,8.539520653E-1
1.115154554E1,2.562823840E-1,-7.680094834E-1,3.202935165E-1,8.706934958E-1
1.116153354E1,1.591616669E-1,-8.194889548E-1,5.711864305E-1,1.011508043E0
1.117152154E1,1.401995302E-1,-8.098962320E-1,7.584306479E-1,1.118393876E0
1.118150954E1,1.088845475E-1,-8.007742102E-1,9.115417439E-1,1.218196836E0
1.119149754E1,1.686455218E-1,-7.276069044E-1,1.033681308E0,1.275284347E0
1.120148554E1,3.011563471E-1,-6.515607950E-1,1.156523708E0,1.361166302E0
1.121147254E1,3.219810230E-1,-7.070942871E-1,1.167684288E0,1.402547934E0
1.122146054E1,2.981040275E-1,-8.487538306E-1,1.112786534E0,1.430923809E0
1.123144854E1,1.938205626E-1,-9.223488602E-1,1.012307396E0,1.383134156E0
1.124143654E1,-4.359334985E-2,-9.621597742E-1,1.047819875E0,1.423228127E0
1.125142454E1,-2.935642675E-1,-1.016326041E0,1.235478660E0,1.626501190E0
1.126141254E1,-4.130128151E-1,-1.029160095E0,1.490917785E0,1.858113540E0
1.127140054E1,-5.632195991E-1,-9.997122741E-1,1.801448205E0,2.135850319E0
1.128138854E1,-5.996641979E-1,-8.885309038E-1,2.025639224E0,2.291789385E0
1.129137654E1,-6.023102092E-1,-6.991602002E-1,2.186991386E0,2.373717316E0
1.130136454E1,-5.941802406E-1,-5.561643853E-1,2.318477139E0,2.457174236E0
1.131135254E1,-4.459640680E-1,-5.054846303E-1,2.136737491E0,2.240545863E0
1.132134054E1,-3.385884310E-1,-4.965498655E-1,1.894227145E0,1.987284673E0
1.133132854E1,-2.526640538E-1,-5.423463914E-1,1.660062531E0,1.764592400E0
1.134131654E1,-2.860045668E-1,-6.431609774E-1,1.486158736E0,1.644421613E0
1.135130454E1,-3.611593047E-1,-7.005990538E-1,1.368864759E0,1.579577730E0
1.136129254E1,-3.305020972E-1,-7.628599137E-1,1.111384372E0,1.387934475E0
1.137128054E1,-2.866404516E-1,-8.228150703E-1,7.443628317E-1,1.145977056E0
1.138126854E1,-3.016062904E-1,-8.032881474E-1,3.862080091E-1,9.409542117E-1
1.139125654E1,-4.720674274E-1,-7.197375023E-1,1.397712582E-1,8.720124614E-1
1.140124454E1,-6.643849815E-1,-6.036780191E-1,-3.642230630E-3,8.976902696E-1
1.141123254E1,-7.301775596E-1,-4.235134643E-1,4.338634014E-2,8.452249982E-1
1.142122054E1,-6.378563833E-1,-1.833632011E-1,2.354948562E-1,7.042305422E-1
1.143120854E1,-5.914183813E-1,-8.759187520E-2,4.041016585E-1,7.216274584E-1
1.144119654E1,-6.060326198E-1,-1.222421828E-1,5.013987422E-1,7.960021270E-1
1.145118454E1,-5.714799241E-1,-1.948297372E-1,5.975760841E-1,8.494969726E-1
1.146117254E1,-4.598882619E-1,-2.442652412E-1,4.975115132E-1,7.201947149E-1
1.147116054E1,-3.024163125E-1,-3.392609705E-1,2.392505229E-1,5.136092336E-1
1.148114854E1,-2.396302812E-1,-5.289112806E-1,-5.010420620E-2,5.828209381E-1
1.149113654E1,-2.163294558E-1,-7.048101454E-1,-3.232405132E-1,8.050094434E-1
1.150112454E1,-1.727903206E-1,-8.351809081E-1,-5.415521568E-1,1.010278369E0
1.151111254E1,-1.153276858E-1,-8.664092790E-1,-6.471557951E-1,1.087555119E0
1.152110054E1,-2.686521504E-2,-9.228591760E-1,-7.588241655E-1,1.195075275E0
1.153108854E1,-9.551262315E-3,-8.739862472E-1,-8.647049618E-1,1.229494960E0
1.154107654E1,-1.430749716E-2,-7.391811754E-1,-1.062037380E0,1.294031264E0
1.155106454E1,-6.786923507E-2,-7.407844819E-1,-1.355236069E0,1.545973054E0
1.156105254E1,-1.375173941E-1,-7.586814934E-1,-1.588977345E0,1.766170333E0
1.157104054E1,-9.704737108E-2,-7.469511748E-1,-1.711645498E0,1.870049347E0
1.158102854E1,1.690923404E-2,-7.265017806E-1,-1.909757350E0,2.043346250E0
1.159101654E1,4.066950448E-2,-6.901212088E-1,-2.017653682E0,2.132802773E0
1.160100454E1,1.073759842E-1,-6.141159569E-1,-2.156910385E0,2.245201643E0
1.161099254E1,2.590625157E-1,-5.865707837E-1,-2.285015863E0,2.373283836E0
1.162098054E1,4.174913438E-1,-5.796574745E-1,-2.225606398E0,2.337439978E0
1.163096854E1,6.163091744E-1,-5.335885414E-1,-2.133043220E0,2.283512012E0
1.164095654E1,7.097033878E-1,-4.191109860E-1,-1.984343264E0,2.148709172E0
1.165094454E1,6.792579592E-1,-4.231668705E-1,-1.803063791E0,1.972688675E0
1.166093254E1,5.669461393E-1,-4.169156488E-1,-1.603926337E0,1.751521132E0
1.167092054E1,5.201837265E-1,-3.560248647E-1,-1.357222368E0,1.496461617E0
1.168090854E1,5.197334909E-1,-3.199264576E-1,-1.139884286E0,1.292985702E0
1.169089654E1,5.307296915E-1,-2.549275293E-1,-1.005809970E0,1.165468037E0
1.170088454E1,5.996491779E-1,-2.416049773E-1,-8.126068550E-1,1.038403584E0
1.171087254E1,7.575640174E-1,-2.229050335E-1,-6.317641693E-1,1.011294151E0
1.172086054E1,8.108401919E-1,-2.112849349E-1,-5.199940574E-1,9.861526050E-1
1.173084854E1,7.825410569E-1,-2.137987626E-1,-5.082762372E-1,9.573009714E-1
1.174083654E1,7.739602679E-1,-2.030626168E-1,-4.865883297E-1,9.364919248E-1
1.175082454E1,8.035048599E-1,-2.262689732E-1,-5.013490409E-1,9.737394769E-1
1.176081254E1,7.867403079E-1,-2.305653611E-1,-5.017466515E-1,9.611817727E-1
1.177080054E1,7.148102729E-1,-1.962418763E-1,-4.772912568E-1,8.816300494E-1
1.178078854E1,5.455981742E-1,-1.327081872E-1,-5.092316723E-1,7.580275237E-1
1.179077654E1,2.985717865E-1,-1.588493342E-1,-3.330655897E-1,4.746692634E-1
1.180076454E1,1.263055043E-1,-1.710433735E-1,1.761473715E-2,2.133522791E-1
1.181075254E1,6.479588371E-2,-2.106337744E-1,4.875788480E-1,5.350684316E-1
1.182074054E1,-9.137845896E-3,-3.178070977E-1,9.441271073E-1,9.962232914E-1
1.183072854E1,-6.666951433E-2,-4.630934497E-1,1.423848467E0,1.498747752E0
1.184071567E1,-7.457418244E-2,-5.602932870E-1,1.857744028E0,1.941829743E0
1.185070367E1,-1.241743952E-2,-7.585940775E-1,2.172051165E0,2.300744538E0
1.186069167E1,1.021352527E-1,-9.175190601E-1,2.139604381E0,2.330274606E0
1.187067967E1,5.648768462E-2,-1.088715156E0,1.712139003E0,2.029756516E0
1.188066767E1,-2.686336951E-1,-1.276630487E0,1.163576034E0,1.748101442E0
1.189065567E1,-6.396633191E-1,-1.387841605E0,8.272126150E-1,1.737686449E0
1.190064367E1,-9.144501489E-1,-1.376771657E0,1.167643942E0,2.023638220E0
1.191063167E1,-9.726631276E-1,-1.023135855E0,2.199842396E0,2.613845272E0
1.192061967E1,-9.102804264E-1,-5.988112719E-1,3.214240757E0,3.393895849E0
1.193060767E1,-9.919316036E-1,-3.848291260E-1,3.736662578E0,3.885185836E0
1.194059567E1,-9.211240878E-1,-3.504949701E-1,3.685187784E0,3.814698588E0
1.195058367E1,-7.508406696E-1,-4.260589034E-1,3.035889570E0,3.156249892E0
1.196057167E1,-6.036511950E-1,-6.486985829E-1,2.296767012E0,2.461776457E0
1.197055967E1,-4.829642985E-1,-8.522745122E-1,1.458783826E0,1.757178593E0
1.198054767E1,-4.056931975E-1,-1.003112357E0,7.143888348E-1,1.296600470E0
1.199053567E1,-4.948447444E-1,-1.168945825E0,2.826684380E-1,1.300464189E0
1.200052367E1,-5.662459718E-1,-1.188605918E0,3.170769632E-2,1.316975287E0
1.201051167E1,-4.829841790E-1,-9.766978526E-1,1.424709177E-1,1.098867770E0
1.202049967E1,-7.262670149E-1,-1.107845564E0,2.879151446E-1,1.355610822E0
1.203048767E1,-9.150701000E-1,-8.448918908E-1,4.474482375E-1,1.323406786E0
1.204047567E1,-8.892770085E-1,-5.346794126E-1,7.817312175E-1,1.299153328E0
1.205046367E1,-8.583456762E-1,-4.708914793E-1,1.027194992E0,1.419022775E0
1.206045167E1,-7.915488388E-1,-3.640768461E-1,1.139808857E0,1.434665726E0
1.207043967E1,-7.324736881E-1,-2.730794246E-1,9.846132284E-1,1.257200575E0
1.208042767E1,-7.396097763E-1,-2.486105264E-1,5.637417555E-1,9.626186067E-1
1.209041567E1,-7.797044995E-1,-3.109820449E-1,-1.932153940E-2,8.396560371E-1
1.210040367E1,-7.632708268E-1,-3.680558398E-1,-5.521742088E-1,1.011406848E0
1.211039167E1,-6.057687642E-1,-3.803779697E-1,-9.399492717E-1,1.181163760E0
1.212037967E1,-3.838958373E-1,-4.152806577E-1,-1.209732201E0,1.335397332E0
1.213036767E1,-1.217836880E-1,-3.546947327E-1,-1.498991620E0,1.545191087E0
1.214035567E1,6.855239086E-2,-2.953343841E-1,-1.679271803E0,1.706421876E0
1.215034367E1,1.588136662E-1,-3.143754034E-1,-1.745775695E0,1.780950997E0
1.216033167E1,1.743068508E-1,-3.464918932E-1,-1.838596736E0,1.879062922E0
1.217031967E1,5.487286638E-2,-3.884319976E-1,-1.860018010E0,1.900935940E0
1.218030767E1,-9.483624648E-2,-3.808587570E-1,-1.943571798E0,1.982805750E0
1.219029567E1,-1.067231608E-1,-3.818273482E-1,-2.189874063E0,2.225473066E0
1.220028367E1,-1.074819101E-1,-3.668815727E-1,-2.386560364E0,2.416986724E0
1.221027167E1,-4.952865746E-2,-3.853289168E-1,-2.509904455E0,2.539793660E0
1.222025967E1,5.386268679E-2,-4.363718204E-1,-2.539946280E0,2.577721602E0
1.223024767E1,1.653787372E-1,-4.104351432E-1,-2.269358774E0,2.312097831E0
1.224023567E1,2.949532188E-1,-4.283255400E-1,-2.048859102E0,2.113831542E0
1.225022367E1,2.210426222E-1,-6.358332467E-1,-1.836398767E0,1.955889616E0
1.226021167E1,2.659376536E-1,-6.529774292E-1,-1.541569290E0,1.695151390E0
1.227019967E1,4.992764953E-1,-5.533615955E-1,-1.203258163E0,1.415385559E0
1.228018767E1,6.053915822E-1,-5.818656755E-1,-9.194805086E-1,1.245195181E0
1.229017567E1,5.635085247E-1,-5.832444855E-1,-7.577143639E-1,1.109886050E0
1.230016367E1,4.406663445E-1,-6.017089327E-1,-8.250614244E-1,1.112190101E0
1.231015167E1,3.684850254E-1,-6.408186559E-1,-9.464566380E-1,1.200920452E0
1.232013967E1,3.923988583E-1,-6.156121863E-1,-1.014969049E0,1.250246935E0
1.233012767E1,4.043584974E-1,-5.457409925E-1,-9.100957274E-1,1.135611403E0
1.234011567E1,3.643886854E-1,-5.619077398E-1,-5.984046346E-1,8.981133162E-1
1.235010367E1,3.051046430E-1,-5.803611504E-1,-1.877084863E-1,6.820134777E-1
1.236009167E1,1.704916156E-1,-5.346764525E-1,3.326644707E-1,6.523894158E-1
1.237007967E1,3.592383116E-3,-5.076858512E-1,8.007832003E-1,9.481622027E-1
1.238006767E1,-8.310998440E-2,-4.646641946E-1,1.214824541E0,1.303310687E0
1.239005567E1,-9.478924949E-2,-3.206085718E-1,1.630159870E0,1.664090160E0
1.240004367E1,-7.617909696E-2,-2.835070749E-1,1.784058001E0,1.808049354E0
1.241003167E1,7.671945278E-2,-2.608727954E-1,1.684495121E0,1.706301352E0
1.242001967E1,1.983079534E-1,-2.859629785E-1,1.487530493E0,1.527693633E0
1.243000767E1,1.304661454E-1,-4.549759064E-1,1.233087149E0,1.320805969E0
1.243999567E1,1.218629178E-2,-5.479341003E-1,9.344388556E-1,1.083308017E0
1.244998367E1,-1.695512372E-1,-5.500377458E-1,9.695695120E-1,1.127543428E0
1.245997167E1,-4.468928982E-1,-5.121438780E-1,1.459029409E0,1.609587348E0
1.246995967E1,-6.870077126E-1,-3.540720043E-1,2.291350737E0,2.418188326E0
1.247994767E1,-8.697223113E-1,-3.053184318E-1,2.968631387E0,3.108441499E0
1.248993567E1,-9.099264506E-1,-2.476505598E-1,3.405837057E0,3.533981183E0
1.249992367E1,-7.355281274E-1,-9.450021431E-2,3.434749784E0,3.513892143E0
1.250991167E1,-5.159520600E-1,-9.320238825E-2,2.986503401E0,3.032176740E0
1.251989867E1,-4.483511573E-1,-1.536250663E-1,2.276825083E0,2.325629352E0
1.252988667E1,-4.587005097E-1,-3.813039128E-1,1.619678151E0,1.726023217E0
1.253987467E1,-4.842991447E-1,-4.947378499E-1,9.983115005E-1,1.214881498E0
1.254986267E1,-5.183547174E-1,-5.909868568E-1,2.912275922E-1,8.383141347E-1
1.255985067E1,-5.401381904E-1,-6.316065869E-1,-3.677477646E-1,9.087984175E-1
1.256983867E1,-5.304311546E-1,-5.616014187E-1,-8.264372742E-1,1.131261213E0
1.257982667E1,-5.411187319E-1,-5.472352484E-1,-1.154463733E0,1.387466184E0
1.258981467E1,-4.582918624E-1,-4.954195622E-1,-1.200425187E0,1.377132021E0
1.259980267E1,-4.194661312E-1,-3.308363387E-1,-1.011265422E0,1.143705501E0
1.260979067E1,-5.545014371E-1,-2.496151877E-1,-6.642238176E-1,9.005403187E-1
1.261977867E1,-8.089230361E-1,-2.399295673E-1,-1.405577087E-1,8.553824554E-1
1.262976667E1,-1.051513196E0,-2.506934142E-1,3.842211252E-1,1.147237143E0
1.263975467E1,-1.151940806E0,-2.299589317E-1,9.149454081E-1,1.488950580E0
1.264974267E1,-1.123693419E0,-1.736263445E-1,1.354977622E0,1.768840683E0
1.265973067E1,-9.508545481E-1,-1.774610216E-1,1.434819598E0,1.730411530E0
1.266971867E1,-6.751292402E-1,-2.397793487E-1,1.104315673E0,1.316361171E0
1.267970667E1,-4.145239549E-1,-3.073198972E-1,6.803820133E-1,8.539293369E-1
1.268969467E1,-2.463157866E-1,-3.999308761E-1,1.151106262E-1,4.835975896E-1
1.269968267E1,-1.838759654E-1,-4.651023703E-1,-3.326118457E-1,6.006340195E-1
1.270967067E1,-2.069102674E-1,-4.952721027E-1,-5.982169390E-1,8.037224773E-1
1.271965867E1,-2.317304553E-1,-5.264591776E-1,-7.884438211E-1,9.759620528E-1
1.272964667E1,-2.610590293E-1,-5.788839975E-1,-9.447498357E-1,1.138336836E0
1.273963467E1,-3.292980824E-1,-5.701423736E-1,-1.117840868E0,1.297331013E0
1.274962267E1,-3.197696060E-1,-5.497873753E-1,-1.304885695E0,1.451635435E0
1.275961067E1,-2.863970612E-1,-4.899674721E-1,-1.412004932E0,1.521791486E0
1.276959867E1,-2.780692374E-1,-4.199768490E-1,-1.489986323E0,1.572819855E0
1.277958667E1,-2.899313742E-1,-4.013230250E-1,-1.485638334E0,1.565963483E0
1.278957467E1,-2.988791855E-1,-3.749358199E-1,-1.480490445E0,1.556199728E0
1.279956267E1,-2.614195466E-1,-3.240861668E-1,-1.516408721E0,1.572535352E0
1.280955067E1,-2.065490922E-1,-2.850185801E-1,-1.524011271E0,1.564131859E0
1.281953867E1,-1.326935326E-1,-2.926628279E-1,-1.405885236E0,1.442141602E0
1.282952667E1,-8.961238056E-2,-3.460993623E-1,-1.230434268E0,1.281321050E0
1.283951467E1,-8.838128585E-2,-3.784977244E-1,-1.092300814E0,1.159393310E0
1.284950333E1,-1.334773884E-1,-4.323900127E-1,-1.031996725E0,1.126851622E0
1.285949133E1,-1.443799240E-1,-4.203468681E-1,-9.231350183E-1,1.024556155E0
1.286947933E1,-8.673335776E-2,-3.969214604E-1,-6.916191924E-1,8.021261922E-1
1.287946733E1,7.969762243E-2,-3.804572725E-1,-4.437767708E-1,5.899468362E-1
1.288945533E1,2.359921619E-1,-3.707839313E-1,-2.156207550E-1,4.895562625E-1
1.289944333E1,3.037507567E-1,-3.947551766E-1,-1.721303344E-1,5.269962274E-1
1.290943133E1,2.458010672E-1,-4.051111802E-1,-3.011795533E-1,5.614644747E-1
1.291941933E1,9.983724212E-2,-4.446892288E-1,-4.053664112E-1,6.099491065E-1
1.292940733E1,-3.489035407E-2,-4.716407268E-1,-3.137428808E-1,5.675358203E-1
1.293939533E1,-9.760329511E-2,-4.935418020E-1,-9.293272197E-2,5.116115756E-1
1.294938333E1,-1.951110248E-1,-5.768828976E-1,1.384714222E-1,6.245290420E-1
1.295937133E1,-2.309083368E-1,-5.739951770E-1,4.485785043E-1,7.642066460E-1
1.296935933E1,-2.354088291E-1,-5.343290913E-1,7.879199106E-1,9.806848016E-1
1.297934733E1,-2.781775936E-1,-5.144505681E-1,1.162079732E0,1.300950216E0
1.298933533E1,-2.936933631E-1,-4.737642528E-1,1.405201696E0,1.511720929E0
1.299932333E1,-2.884124868E-1,-5.003803400E-1,1.430107911E0,1.542326452E0
1.300931133E1,-3.296726331E-1,-6.728086996E-1,1.214222862E0,1.426777050E0
1.301929933E1,-3.927381065E-2,-5.274933673E-1,8.256309432E-1,9.805397183E-1
1.302928733E1,-1.713936583E-1,-8.832613930E-1,2.985868979E-1,9.479876635E-1
1.303927533E1,-5.787375978E-1,-1.068025660E0,1.826868975E-1,1.228409753E0
1.304926333E1,-8.057715330E-1,-1.116572680E0,8.265822852E-1,1.606001428E0
1.305925133E1,-9.309314764E-1,-1.147278163E0,1.642546611E0,2.209262313E0
1.306923933E1,-1.115129294E0,-1.096109983E0,2.378364907E0,2.846329227E0
1.307922733E1,-1.073656456E0,-8.954243325E-1,3.141390297E0,3.438438005E0
1.308921533E1,-9.434219331E-1,-8.471992752E-1,3.481472545E0,3.705191309E0
1.309920333E1,-8.604533051E-1,-7.747945194E-1,3.234365119E0,3.435375403E0
1.310919133E1,-7.971471092E-1,-7.878840964E-1,2.671729656E0,2.897299470E0
1.311917933E1,-8.431146296E-1,-9.251268724E-1,1.810648214E0,2.201169908E0
1.312916733E1,-8.310011722E-1,-1.128008299E0,8.925476485E-1,1.661206482E0
1.313915533E1,-6.388183234E-1,-1.154277500E0,5.721325099E-2,1.320499433E0
1.314914333E1,-4.439586923E-1,-1.232060671E0,-6.157094693E-1,1.447125070E0
1.315913133E1,-2.864905984E-1,-1.303449911E0,-1.178616242E0,1.780504081E0
1.316911933E1,-1.976707211E-2,-1.124774204E0,-1.360010905E0,1.764975186E0
1.317910733E1,-3.012681934E-3,-1.250396516E0,-1.367377812E0,1.852895735E0
1.318909533E1,-2.266508695E-1,-1.219417894E0,-1.124258187E0,1.674009285E0
1.319908333E1,-4.294993320E-1,-1.018272433E0,-5.631921172E-1,1.240376469E0
1.320907133E1,-5.879323445E-1,-9.461642772E-1,3.663923800E-2,1.114555389E0
1.321905933E1,-7.424127853E-1,-9.728686573E-1,5.540599358E-1,1.343366138E0
1.322904733E1,-7.709928060E-1,-1.038109112E0,7.673733795E-1,1.503649673E0
1.323903533E1,-7.612149458E-1,-1.104896155E0,6.991123992E-1,1.512944763E0
1.324902333E1,-6.457982909E-1,-1.040501793E0,3.914196324E-1,1.285654986E0
1.325901133E1,-4.824824879E-1,-9.958732847E-1,-1.724139243E-1,1.119946209E0
1.326899933E1,-3.904437687E-1,-9.584149249E-1,-9.156926823E-1,1.381846082E0
1.327898733E1,-2.869085281E-1,-8.779840616E-1,-1.503362998E0,1.764446888E0
1.328897533E1,-1.568200580E-1,-8.251562954E-1,-1.837459452E0,2.020329845E0
1.329896333E1,-1.108141927E-1,-8.200745534E-1,-2.030911074E0,2.193034849E0
1.330895133E1,-5.872153114E-2,-8.589874081E-1,-1.929135607E0,2.112551012E0
1.331893933E1,-4.064697443E-2,-8.850963955E-1,-1.632427420E0,1.857381783E0
1.332892733E1,2.208687041E-2,-9.222762816E-1,-1.217252305E0,1.527345587E0
1.333891533E1,7.194903843E-2,-9.618355460E-1,-6.974950594E-1,1.190295610E0
1.334890333E1,6.855538756E-2,-1.049864501E0,-2.270772046E-1,1.076326794E0
1.335889133E1,1.183567263E-1,-1.082713720E0,-3.981076777E-2,1.089890917E0
1.336887933E1,7.330796789E-2,-1.202609561E0,-1.803105891E-2,1.204976736E0
1.337886733E1,-4.876835497E-2,-1.320048256E0,-1.052598220E-1,1.325135986E0
1.338885533E1,-1.011089933E-1,-1.415616026E0,-2.703623879E-1,1.444744815E0
1.339884333E1,-4.479747428E-2,-1.374398126E0,-4.147108465E-1,1.436301538E0
1.340883133E1,1.398526990E-1,-1.296018831E0,-5.109232718E-1,1.400095060E0
1.341881933E1,2.520364283E-1,-1.181204147E0,-5.515175664E-1,1.327756463E0
1.342880733E1,2.882865341E-1,-1.064694355E0,-5.462714446E-1,1.230892232E0
1.343879533E1,2.917503333E-1,-1.046168841E0,-5.735393500E-1,1.228224282E0
1.344878333E1,2.805825717E-1,-1.020377431E0,-5.162822449E-1,1.177473582E0
1.345877133E1,3.099885298E-1,-1.013838343E0,-4.569464546E-1,1.154452744E0
1.346875933E1,3.058370067E-1,-1.060208956E0,-4.513430679E-1,1.192178623E0
1.347874733E1,3.368658413E-1,-1.130531957E0,-4.709756792E-1,1.270196517E0
1.348873533E1,3.806389017E-1,-1.169770282E0,-3.990748072E-1,1.293255268E0
1.349872333E1,3.556406660E-1,-1.222992809E0,-3.505347311E-1,1.321009573E0
1.350871133E1,2.966435575E-1,-1.238091635E0,-4.250066239E-1,1.342199287E0
1.351869933E1,2.806498147E-1,-1.190223989E0,-4.849546176E-1,1.315514516E0
1.352868633E1,3.226376653E-1,-1.089340808E0,-4.534726238E-1,1.223272610E0
1.353867433E1,2.539345624E-1,-1.020336792E0,-3.611714011E-1,1.111761986E0
1.354866233E1,1.571026064E-1,-9.949338564E-1,-2.883735663E-1,1.047727981E0
1.355865033E1,4.919748578E-2,-9.936624525E-1,-2.638363105E-1,1.029269188E0
1.356863833E1,-2.512393249E-2,-9.722758958E-1,-1.816893625E-1,9.894254161E-1
1.357862633E1,2.209858311E-2,-9.543931369E-1,-1.130851507E-2,9.547159209E-1
1.358861433E1,6.329954468E-2,-9.501213804E-1,6.546367228E-2,9.544752287E-1
1.359860233E1,9.169961728E-2,-9.293194722E-1,3.719121516E-2,9.345729975E-1
1.360859033E1,1.281893493E-1,-9.211262074E-1,-1.592366391E-1,9.435371251E-1
1.361857833E1,1.633362317E-1,-9.402699915E-1,-3.401506609E-1,1.013157862E0
1.362856633E1,1.339439231E-1,-9.850890456E-1,-2.089075667E-1,1.015866022E0
1.363855433E1,1.222911898E-1,-9.393193804E-1,-1.294257796E-1,9.560476274E-1
1.364854233E1,1.647042974E-1,-8.820024875E-1,-7.152138770E-2,9.000951074E-1
1.365853033E1,1.912096894E-1,-9.901191129E-1,-6.875214636E-2,1.010754105E0
1.366851833E1,-3.730932891E-2,-1.235842942E0,9.460502565E-2,1.240020110E0
1.367850633E1,-3.746582964E-1,-1.449771220E0,9.558589607E-1,1.776477352E0
1.368849433E1,-7.026128349E-1,-1.574928825E0,2.060513188E0,2.686964867E0
1.369848233E1,-9.452161512E-1,-1.611094292E0,3.098820813E0,3.618252178E0
1.370847033E1,-7.213383968E-1,-1.436337827E0,3.885190042E0,4.204532922E0
1.371845833E1,-5.092598486E-1,-1.320552432E0,4.037556787E0,4.278442372E0
1.372844633E1,-4.509886170E-1,-1.377673443E0,3.436751286E0,3.729964376E0
1.373843433E1,-4.231720965E-1,-1.384447443E0,2.389668744E0,2.793973166E0
1.374842233E1,-5.604656336E-1,-1.412628099E0,1.081884584E0,1.865506399E0
1.375841033E1,-7.191741230E-1,-1.670541618E0,-9.889629722E-2,1.821455790E0
1.376839833E1,-6.333296151E-1,-1.769824124E0,-9.776994807E-1,2.118792134E0
1.377838633E1,-3.858959871E-1,-1.671228666E0,-1.618538529E0,2.358301918E0
1.378837433E1,-1.480934815E-1,-1.457165902E0,-1.953285193E0,2.441431381E0
1.379836233E1,2.907673707E-2,-1.396201954E0,-2.012125139E0,2.449259670E0
1.380835033E1,-8.767464984E-2,-1.339382806E0,-1.740694465E0,2.198101536E0
1.381833833E1,-4.695982213E-1,-1.314977112E0,-1.088262727E0,1.770311571E0
1.382832633E1,-9.216854205E-1,-1.382415097E0,-1.511990565E-1,1.668363470E0
1.383831433E1,-1.197359346E0,-1.412681016E0,9.102787453E-1,2.063478725E0
1.384830329E1,-1.401897873E0,-1.397226971E0,1.833507904E0,2.698020031E0
1.385829129E1,-1.353386010E0,-1.282011534E0,2.261700091E0,2.930954548E0
1.386827929E1,-1.273383821E0,-1.228640049E0,2.151347344E0,2.785562442E0
1.387826729E1,-1.115497157E0,-1.228714309E0,1.447522089E0,2.202133729E0
1.388825529E1,-7.960642049E-1,-1.230093082E0,5.470467854E-1,1.564003643E0
1.389824329E1,-5.803771206E-1,-1.360873662E0,-2.675036842E-1,1.503453673E0
1.390823129E1,-4.502098044E-1,-1.518240946E0,-9.312889606E-1,1.837129164E0
1.391821929E1,-3.287205237E-1,-1.570498243E0,-1.288808191E0,2.058044817E0
1.392820729E1,-2.097492003E-1,-1.675548881E0,-1.560064618E0,2.298969420E0
1.393819529E1,-1.559059555E-1,-1.716894543E0,-1.637705117E0,2.377837587E0
1.394818329E1,-2.177351081E-1,-1.743481979E0,-1.583592644E0,2.365354868E0
1.395817129E1,-2.500741027E-1,-1.730352787E0,-1.378365315E0,2.226330786E0
1.396815929E1,-3.082117437E-1,-1.713165189E0,-1.103038641E0,2.060733774E0
1.397814729E1,-3.348033822E-1,-1.734946067E0,-8.951981914E-1,1.980785441E0
1.398813529E1,-3.746764228E-1,-1.764415742E0,-7.660384601E-1,1.959683713E0
1.399812329E1,-4.297228418E-1,-1.723713274E0,-6.785015488E-1,1.901634434E0
1.400811129E1,-4.069251327E-1,-1.592947020E0,-5.271492952E-1,1.726544135E0
1.401809929E1,-3.615463173E-1,-1.478943856E0,-3.806250876E-1,1.569352136E0
1.402808729E1,-3.456080500E-1,-1.340631040E0,-2.516150451E-1,1.407141301E0
1.403807529E1,-2.663150914E-1,-1.177580774E0,-2.529838783E-1,1.233540048E0
1.404806329E1,-2.351053038E-1,-1.039156275E0,-2.909632981E-1,1.104436467E0
1.405805129E1,-2.962396793E-1,-9.341823822E-1,-1.300397372E-1,9.886177239E-1
1.406803929E1,-4.427497805E-1,-9.191589117E-1,9.806073010E-2,1.024937257E0
1.407802729E1,-6.013112124E-1,-9.282560829E-1,4.444228882E-1,1.191950600E0
1.408801529E1,-6.644625302E-1,-8.856882068E-1,7.411486173E-1,1.332387078E0
1.409800329E1,-7.332934678E-1,-8.097320715E-1,8.804936135E-1,1.403087432E0
1.410799129E1,-7.629529575E-1,-7.483727791E-1,9.132339281E-1,1.405757888E0
1.411797929E1,-7.747386785E-1,-7.062602549E-1,7.627552485E-1,1.296464090E0
1.412796729E1,-7.991310695E-1,-5.789507288E-1,6.028988045E-1,1.156408830E0
1.413795529E1,-8.089659400E-1,-5.145825324E-1,5.219025886E-1,1.091605875E0
1.414794329E1,-8.658535742E-1,-4.512510108E-1,3.867564780E-1,1.050195439E0
1.415793129E1,-9.113547792E-1,-4.300611033E-1,3.445723253E-1,1.065011818E0
1.416791929E1,-9.196546094E-1,-4.758234595E-1,3.625671315E-1,1.097099581E0
1.417790729E1,-8.978639370E-1,-4.898053215E-1,4.173333228E-1,1.104642931E0
1.418789529E1,-8.469452868E-1,-5.152881086E-1,3.829914558E-1,1.062789071E0
1.419788329E1,-8.915525986E-1,-5.990998685E-1,4.137226671E-1,1.151066086E0
1.420787129E1,-9.451517587E-1,-5.715435492E-1,5.146871245E-1,1.218555174E0
1.421785929E1,-9.917789912E-1,-5.560088128E-1,5.062139243E-1,1.244597889E0
1.422784729E1,-1.056397960E0,-6.130947407E-1,3.552265370E-1,1.272025041E0
1.423783529E1,-1.022995521E0,-6.555357322E-1,1.285861194E-1,1.221794305E0
1.424782329E1,-9.219633094E-1,-6.985703623E-1,-1.574140620E-1,1.167388574E0
1.425781129E1,-8.933679398E-1,-7.465527602E-1,-3.353191066E-1,1.211563536E0
1.426779929E1,-9.211690383E-1,-8.040773754E-1,-3.440624481E-1,1.270225095E0
1.427778729E1,-9.407373302E-1,-8.453072624E-1,-2.268316215E-1,1.284906096E0
1.428777529E1,-9.580174604E-1,-9.098055594E-1,-1.587519050E-2,1.321285598E0
1.429776329E1,-9.552094813E-1,-9.854707226E-1,1.905970109E-1,1.385606336E0
1.430775129E1,-9.251541350E-1,-1.019847527E0,2.664318895E-1,1.402492461E0
1.431773929E1,-8.838566396E-1,-1.030479227E0,1.915132695E-1,1.371046071E0
1.432772729E1,-8.296218871E-1,-1.071402866E0,1.069104910E-2,1.355098105E0
1.433771529E1,-8.177861725E-1,-1.108601828E0,-1.390485424E-1,1.384596235E0
1.434770329E1,-7.511850706E-1,-1.170091587E0,-3.223926669E-1,1.427350820E0
1.435769129E1,-7.445157364E-1,-1.308413174E0,-6.743833548E-1,1.649558009E0
1.436767929E1,-7.722218907E-1,-1.372546020E0,-1.078748723E0,1.908902311E0
1.437766729E1,-8.345315018E-1,-1.487354345E0,-1.368357221E0,2.186565174E0
1.438765529E1,-8.565524814E-1,-1.618563672E0,-1.630990174E0,2.452255994E0
1.439764329E1,-7.279165144E-1,-1.673882425E0,-1.660250811E0,2.467423267E0
1.440763129E1,-5.082251107E-1,-1.757065061E0,-1.459204241E0,2.339839184E0
1.441761929E1,-2.544374778E-1,-1.712546407E0,-1.117081899E0,2.060443058E0
1.442760729E1,-1.680961758E-1,-1.797787117E0,-8.557511204E-1,1.998150351E0
1.443759529E1,-4.380153265E-1,-2.130562685E0,-7.789765942E-1,2.310402414E0
1.444758329E1,-6.361802790E-1,-2.198630269E0,-5.350377738E-1,2.350524585E0
1.445757029E1,-6.695898074E-1,-2.097225516E0,-1.009515935E-1,2.203836790E0
1.446755829E1,-5.121811540E-1,-2.034166219E0,3.583501196E-1,2.128045241E0
1.447754629E1,-3.507108785E-1,-2.173199266E0,8.524918824E-1,2.360621863E0
1.448753429E1,-1.993586615E-1,-2.320794683E0,1.180824736E0,2.611547222E0
1.449752229E1,-2.248281827E-3,-2.367061362E0,1.283652116E0,2.692721170E0
1.450751029E1,1.515413013E-1,-2.366447112E0,1.190258633E0,2.653253157E0
1.451749829E1,1.864225374E-1,-2.471413111E0,7.455983484E-1,2.588156299E0
1.452748629E1,1.851100385E-1,-2.529143549E0,2.691280407E-1,2.550149548E0
1.453747429E1,2.326047237E-1,-2.350989559E0,1.727764517E-1,2.368777863E0
1.454746229E1,3.054406020E-1,-2.171763921E0,9.441616058E-2,2.195168991E0
1.455745029E1,4.322171909E-1,-2.165924160E0,1.518948752E-1,2.213845347E0
1.456743829E1,4.613419163E-1,-2.233072123E0,3.128786623E-1,2.301595214E0
1.457742629E1,6.605893345E-1,-2.270618849E0,1.931902510E-1,2.372637920E0
1.458741429E1,7.273728696E-1,-2.040039601E0,-5.020711720E-2,2.166414923E0
1.459740229E1,7.689147055E-1,-1.727791999E0,-3.468714505E-1,1.922710280E0
1.460739029E1,8.815350026E-1,-1.667328573E0,-3.953600711E-1,1.927017934E0
1.461737829E1,9.395396742E-1,-1.507927627E0,-4.424453598E-1,1.830939219E0
1.462736629E1,9.390227804E-1,-1.493466586E0,-5.003316253E-1,1.833722433E0
1.463735429E1,1.056991964E0,-1.560599931E0,-4.404345024E-1,1.935635995E0
1.464734229E1,1.120822655E0,-1.624553706E0,-3.947045982E-1,2.012761756E0
1.465733029E1,9.896517742E-1,-1.569913814E0,-4.368717939E-1,1.906540580E0
1.466731829E1,7.976910464E-1,-1.523956161E0,-5.026015145E-1,1.792027251E0
1.467730629E1,5.023550543E-1,-1.522551660E0,-5.495154798E-1,1.694842594E0
1.468729429E1,1.484410711E-1,-1.513441259E0,-3.689195466E-1,1.564813353E0
1.469728229E1,-2.316009030E-2,-1.554407144E0,-2.350463748E-2,1.554757354E0
1.470727029E1,7.385208786E-2,-1.532933537E0,3.540793133E-1,1.575027467E0
1.471725829E1,3.934511013E-1,-1.227114365E0,5.168266207E-1,1.388424715E0
1.472724629E1,7.377437105E-1,-8.136349417E-1,3.513831621E-1,1.153142544E0
1.473723429E1,1.131879448E0,-6.360313942E-1,7.383922398E-2,1.300438099E0
1.474722229E1,1.359387007E0,-5.546834683E-1,-1.797416550E-1,1.479159845E0
1.475721029E1,1.495352021E0,-6.851489559E-1,-4.612412345E-1,1.708288686E0
1.476719829E1,1.668712317E0,-8.141718623E-1,-5.250109684E-1,1.929537026E0
1.477718629E1,2.052581440E0,-8.738270567E-1,-3.305904633E-1,2.255206054E0
1.478717429E1,1.990342507E0,-9.140325116E-1,-2.261860889E-1,2.201835342E0
1.479716229E1,1.698326418E0,-1.158596984E0,-9.292161226E-2,2.057982997E0
1.480715029E1,1.736055723E0,-1.121787007E0,-1.931861579E-1,2.075961573E0
1.481713829E1,1.876176498E0,-9.677881578E-1,-5.978099728E-1,2.194089546E0
1.482712629E1,1.906532318E0,-8.380824427E-1,-9.771457493E-1,2.300448104E0
1.483711429E1,1.930773705E0,-8.238428646E-1,-1.229636123E0,2.432819179E0
1.484710117E1,2.023456020E0,-7.479455669E-1,-1.293762537E0,2.515475767E0
1.485708917E1,2.103694875E0,-6.202415731E-1,-1.265076681E0,2.531926292E0
1.486707717E1,2.206233403E0,-2.736549550E-1,-1.092940500E0,2.477271039E0
1.487706517E1,2.214447279E0,-1.656764701E-2,-7.242016321E-1,2.329918291E0
1.488705317E1,2.024327547E0,-3.276289947E-2,-2.400808275E-1,2.038777631E0
1.489704117E1,1.808362830E0,1.441923380E-2,3.375568360E-1,1.839654494E0
1.490702917E1,1.637148170E0,4.079266146E-2,8.949204487E-1,1.866226347E0
1.491701717E1,1.488898010E0,-8.388751790E-2,1.174475829E0,1.898222293E0
1.492700517E1,1.384083600E0,-1.624093384E-1,8.810625476E-1,1.648737522E0
1.493699317E1,1.344047422E0,-9.354112476E-2,3.114273834E-1,1.382823354E0
1.494698117E1,1.371921684E0,3.709137395E-2,-1.435023665E-2,1.372498016E0
1.495696917E1,1.285441656E0,1.908183280E-1,-1.277183926E-1,1.305788602E0
1.496695717E1,1.118857114E0,3.552063641E-1,-5.863985467E-1,1.312202750E0
1.497694517E1,1.181480209E0,6.277537103E-1,-9.327004784E-1,1.630920104E0
1.498693317E1,1.190004937E0,9.879226794E-1,-8.138125509E-1,1.747682420E0
1.499692117E1,1.167500466E0,1.148507029E0,-4.469857228E-1,1.697622446E0
1.500690917E1,1.206283440E0,1.218598041E0,4.830326378E-2,1.715352479E0
1.501689717E1,1.284258472E0,1.358093896E0,4.719030476E-1,1.927804798E0
1.502688517E1,1.205170130E0,1.613450574E0,8.991450620E-1,2.205474924E0
1.503687317E1,1.090855602E0,1.733448303E0,1.145632684E0,2.346760152E0
1.504686117E1,9.456887524E-1,1.903902825E0,1.203295001E0,2.442763198E0
1.505684917E1,8.236324380E-1,2.193828827E0,1.045329546E0,2.565924624E0
1.506683717E1,8.097042241E-1,2.350890595E0,9.050817400E-1,2.646031080E0
1.507682517E1,9.161551970E-1,2.380371817E0,9.211604136E-1,2.711834590E0
1.508681317E1,1.197635115E0,2.361379330E0,9.981349146E-1,2.829614023E0
1.509680117E1,1.502121634E0,2.466526301E0,1.027317783E0,3.065208513E0
1.510678917E1,1.554708568E0,2.713974620E0,1.048111067E0,3.298683643E0
1.511677717E1,1.296682051E0,2.820336350E0,1.219552014E0,3.335114479E0
1.512676517E1,9.956994762E-1,2.749426581E0,1.897353652E0,3.485787551E0
1.513675317E1,9.484883261E-1,2.707922167E0,2.967979422E0,4.128119962E0
1.514674117E1,1.032230468E0,2.500219419E0,4.127988655E0,4.935269721E0
1.515672917E1,1.119355735E0,2.060548271E0,5.123557811E0,5.634683761E0
1.516671717E1,1.298537958E0,1.478186057E0,5.411986341E0,5.758544174E0
1.517670517E1,1.553030710E0,9.401721237E-1,4.932225806E0,5.255728247E0
1.518669317E1,1.858197187E0,5.976404035E-1,4.028480154E0,4.476463246E0
1.519668117E1,2.062362077E0,3.001375064E-1,3.069042113E0,3.709776186E0
1.520666917E1,2.084959519E0,2.926027112E-2,2.259527265E0,3.074634258E0
1.521665717E1,2.172535607E0,-5.659227669E-2,1.636697642E0,2.720641987E0
1.522664517E1,2.260705772E0,-1.175690880E-1,1.086789814E0,2.511120303E0
1.523663317E1,2.210677287E0,-1.948159962E-1,6.022164345E-1,2.299502549E0
1.524662117E1,2.140330313E0,-3.563475213E-1,2.315719593E-1,2.182114336E0
1.525660917E1,2.111784060E0,-5.024858858E-1,-1.297263265E-2,2.170781488E0
1.526659717E1,2.108778883E0,-6.210468078E-1,-4.046448648E-2,2.198700728E0
1.527658517E1,2.096879068E0,-7.671647801E-1,1.966933179E-1,2.241457537E0
1.528657317E1,1.934157489E0,-1.085511101E0,-8.314799130E-2,2.219507407E0
1.529656117E1,1.855849238E0,-1.204187213E0,-7.720757103E-1,2.343148339E0
1.530654917E1,1.960639382E0,-1.065184863E0,-1.345720310E0,2.605703117E0
1.531653717E1,1.892671640E0,-1.022621227E0,-1.975401117E0,2.920645422E0
1.532652517E1,1.547228518E0,-1.182985867E0,-2.408658746E0,3.097581089E0
1.533651317E1,1.180693612E0,-1.443888483E0,-2.527684084E0,3.141343372E0
1.534650117E1,8.232379702E-1,-1.599268737E0,-2.481648955E0,3.064957224E0
1.535648917E1,5.746230949E-1,-1.442442028E0,-2.180799184E0,2.677072242E0
1.536647717E1,3.429278690E-1,-1.020869401E0,-1.912814274E0,2.195138334E0
1.537646517E1,4.347167294E-3,-6.531111111E-1,-1.877273728E0,1.987644252E0
1.538645317E1,-6.623631605E-1,-4.700536463E-1,-1.925937765E0,2.090194169E0
1.539644117E1,-1.050162928E0,-5.862837951E-1,-1.779732231E0,2.148026461E0
1.540642917E1,-6.558666846E-1,-9.248029366E-1,-1.094179525E0,1.575642857E0
1.541641717E1,-2.330131700E-1,-1.013794343E0,-3.498745805E-1,1.097490924E0
1.542640517E1,-1.105233028E-1,-9.511319254E-1,-6.070813179E-2,9.594544373E-1
1.543639317E1,-3.615426262E-1,-7.595282433E-1,2.246892017E-1,8.706787354E-1
1.544638117E1,-7.244835410E-1,-5.440753765E-1,2.961117715E-1,9.531928440E-1
1.545636917E1,-9.732665603E-1,-3.323410466E-1,2.103939289E-1,1.049744718E0
1.546635717E1,-1.078192360E0,-1.754618586E-1,1.926949918E-1,1.109241628E0
1.547634517E1,-1.162062117E0,-1.960134329E-1,6.268133318E-1,1.334805073E0
1.548633317E1,-1.354010931E0,-2.567269003E-1,1.446840304E0,1.998149436E0
1.549632117E1,-1.526976686E0,-3.028409665E-1,2.470815818E0,2.920325540E0
1.550630917E1,-1.598498366E0,-4.730807499E-1,3.258215911E0,3.659914391E0
1.551629717E1,-1.538320870E0,-7.204998330E-1,3.674868618E0,4.048482490E0
1.552628517E1,-1.302227258E0,-8.377363607E-1,3.380832024E0,3.718551225E0
1.553627317E1,-1.197621740E0,-6.424582882E-1,3.422705104E0,3.682656747E0
1.554626117E1,-1.153730931E0,-4.706255040E-1,4.052612198E0,4.239840687E0
1.555624917E1,-9.290485268E-1,-4.702070627E-1,3.944509460E0,4.079629974E0
1.556623717E1,-4.719213201E-1,-1.882041840E-1,3.378539330E0,3.416527265E0
1.557622517E1,5.884509925E-3,1.960671542E-1,2.614711118E0,2.622058578E0
1.558621317E1,2.538275949E-1,4.362877301E-1,1.720163137E0,1.792689780E0
1.559620117E1,3.477785730E-1,5.522376511E-1,7.195934415E-1,9.714582235E-1
1.560618917E1,3.900873078E-1,7.392803588E-1,-2.797255343E-1,8.814476338E-1
1.561617717E1,3.603700037E-1,9.177194003E-1,-1.041501959E0,1.434155420E0
1.562616517E1,2.523649870E-1,1.040707103E0,-1.584586086E0,1.912504229E0
1.563615317E1,2.811772883E-1,1.068403756E0,-1.857216024E0,2.160971683E0
1.564614117E1,3.240828046E-1,1.042398410E0,-2.103835208E0,2.370178621E0
1.565612917E1,3.246810479E-1,1.150041777E0,-2.382109464E0,2.665043971E0
1.566611717E1,3.470117472E-1,1.258582033E0,-2.589371039E0,2.899877284E0
1.567610517E1,3.878837115E-1,1.304868446E0,-2.784717743E0,3.099643261E0
1.568609317E1,4.571172664E-1,1.293822617E0,-3.074743148E0,3.367043003E0
1.569608117E1,5.716544270E-1,1.253947091E0,-3.199818015E0,3.483964325E0
1.570606917E1,7.148072031E-1,1.202448836E0,-3.258159193E0,3.545762805E0
1.571605717E1,8.070050763E-1,1.127783108E0,-3.327758601E0,3.605153151E0
1.572604517E1,8.716594939E-1,1.114600852E0,-3.355862659E0,3.641969181E0
1.573603317E1,8.791527008E-1,1.142040812E0,-3.191120281E0,3.501487589E0
1.574602117E1,9.018283492E-1,1.195801136E0,-3.074873541E0,3.420245901E0
1.575600917E1,8.903781854E-1,1.265231925E0,-2.906903501E0,3.292973291E0
1.576599717E1,8.895451033E-1,1.372719828E0,-2.591098307E0,3.064219420E0
1.577598517E1,9.490000306E-1,1.513269205E0,-2.052748085E0,2.721095266E0
1.578597317E1,9.448395905E-1,1.672067157E0,-1.537128330E0,2.459937790E0
1.579596117E1,7.944560013E-1,1.754741816E0,-1.057084789E0,2.197204458E0
1.580594917E1,6.885619757E-1,1.810549396E0,-5.753256744E-1,2.020694520E0
1.581593717E1,6.507684242E-1,1.848295951E0,-1.435970914E-1,1.964769093E0
1.582592517E1,6.233516340E-1,1.947191809E0,3.247426629E-1,2.070164486E0
1.583591317E1,4.903159662E-1,2.093896550E0,6.260748285E-1,2.239817448E0
1.584590117E1,2.560085333E-1,2.137747159E0,7.911697930E-1,2.293785719E0
1.585588942E1,-2.825959325E-3,2.126527960E0,1.060882555E0,2.376468167E0
1.586587742E1,-2.920157238E-1,2.177297579E0,1.321067864E0,2.563419247E0
1.587586542E1,-3.960146303E-1,2.222575201E0,1.448547691E0,2.682341985E0
1.588585342E1,-3.041601714E-1,2.275807376E0,1.743389447E0,2.882918553E0
1.589584142E1,-1.716767366E-1,2.491649740E0,1.946870213E0,3.166716747E0
1.590582942E1,-1.463830339E-1,2.783698281E0,1.940563990E0,3.396497124E0
1.591581742E1,-4.952674980E-1,2.869611713E0,2.232328357E0,3.669230324E0
1.592580542E1,-1.030686583E0,2.540459080E0,3.213748421E0,4.224266337E0
1.593579342E1,-1.529323759E0,2.150437517E0,4.937653191E0,5.598538355E0
1.594578142E1,-1.563593120E0,1.819298293E0,6.608701470E0,7.030619094E0
1.595576942E1,-1.063164797E0,1.591511675E0,7.417761405E0,7.660705780E0
1.596575742E1,-3.948078746E-1,1.429233460E0,7.233644863E0,7.384050348E0
1.597574542E1,1.641579117E-1,1.425255307E0,6.349980889E0,6.510035161E0
1.598573342E1,3.186588543E-1,1.656292831E0,5.270915247E0,5.534202467E0
1.599572142E1,-2.141778083E-1,1.969658858E0,4.058117352E0,4.515943378E0
1.600570942E1,-7.567610485E-1,1.854955491E0,3.046374797E0,3.646086472E0
1.601569742E1,-3.580532272E-1,1.489714720E0,2.629143800E0,3.043000030E0
1.602568542E1,1.553775316E-1,1.427035784E0,2.799375544E0,3.145961974E0
1.603567342E1,7.751942497E-1,1.326859824E0,2.762546856E0,3.161194117E0
1.604566142E1,9.881665814E-1,1.221196982E0,2.645981442E0,3.077176150E0
1.605564942E1,6.669001613E-1,9.341401360E-1,2.240885757E0,2.517725679E0
1.606563742E1,3.196843463E-1,8.013940150E-1,1.523854566E0,1.751160525E0
1.607562542E1,8.726572847E-2,8.218405587E-1,7.393003124E-1,1.108874277E0
1.608561342E1,-7.967309154E-2,8.067168816E-1,-7.924672902E-2,8.145059685E-1
1.609560142E1,-1.812654028E-1,9.809581339E-1,-1.038801130E0,1.440223522E0
1.610558942E1,-2.810521579E-1,1.000678161E0,-2.141062676E0,2.380020269E0
1.611557742E1,-2.984521743E-1,1.049349142E0,-3.143094175E0,3.327047988E0
1.612556542E1,-3.317556672E-1,1.188319404E0,-4.061411088E0,4.244670170E0
1.613555342E1,-3.555548216E-1,1.148037790E0,-4.790372939E0,4.938834163E0
1.614554142E1,-3.307056900E-1,9.791044935E-1,-5.159308857E0,5.261794347E0
1.615552942E1,-3.373507582E-1,8.863476996E-1,-5.302011909E0,5.386162648E0
1.616551742E1,-3.144763044E-1,9.088140178E-1,-5.506470914E0,5.589817546E0
1.617550542E1,-2.005470715E-1,7.819202287E-1,-5.599465617E0,5.657352169E0
1.618549342E1,-3.370481282E-2,7.858431257E-1,-5.516814639E0,5.572605243E0
1.619548142E1,9.153121747E-2,7.080983271E-1,-5.119556562E0,5.169104429E0
1.620546942E1,5.992752850E-2,6.175653756E-1,-4.439047079E0,4.482200048E0
1.621545742E1,-1.110199872E-2,4.972065078E-1,-3.874420640E0,3.906209526E0
1.622544542E1,-9.559971012E-2,4.081512938E-1,-3.460351233E0,3.485650217E0
1.623543342E1,-4.220846240E-1,4.126941419E-1,-2.993024801E0,3.050683422E0
1.624542142E1,-6.027374945E-1,4.314438967E-1,-2.975070925E0,3.066020765E0
1.625540942E1,-3.040087286E-1,6.004697615E-1,-3.060932609E0,3.134053873E0
1.626539742E1,2.284614598E-1,7.253555802E-1,-2.940662400E0,3.037405259E0
1.627538542E1,9.339547062E-1,8.892681646E-1,-2.771177931E0,3.056549752E0
1.628537342E1,1.544208869E0,9.994225446E-1,-2.672336597E0,3.244196256E0
1.629536142E1,1.834674277E0,8.071972304E-1,-2.740727386E0,3.395465163E0
1.630534942E1,1.884291995E0,5.627101239E-1,-2.614246849E0,3.271312518E0
1.631533742E1,1.831097682E0,4.468430142E-1,-2.396811703E0,3.049146395E0
1.632532542E1,1.689476072E0,3.481945293E-1,-2.025391302E0,2.660409509E0
1.633531342E1,1.456871348E0,2.315998614E-1,-1.449537624E0,2.068156654E0
1.634530142E1,1.268012422E0,1.520012945E-1,-6.273261327E-1,1.422848542E0
1.635528942E1,1.150924633E0,8.668266971E-2,5.565947038E-1,1.281381700E0
1.636527742E1,9.377396089E-1,-1.339852922E-3,1.751578472E0,1.986802585E0
1.637526542E1,7.236704126E-1,-9.623888388E-2,2.734705338E0,2.830472412E0
1.638525342E1,6.332090163E-1,-2.802164812E-2,3.454585878E0,3.512250341E0
1.639524142E1,4.963462362E-1,6.603542034E-2,3.959432139E0,3.990967693E0
1.640522942E1,2.677227720E-1,1.925768781E-1,4.407867386E0,4.420187353E0
1.641521742E1,1.597115061E-1,2.334791748E-1,4.954415404E0,4.962484487E0
1.642520542E1,2.793113687E-1,2.378612244E-1,5.537848243E0,5.549987024E0
1.643519342E1,4.483954865E-1,3.195326476E-1,5.938360881E0,5.963831786E0
1.644518142E1,3.739809330E-1,3.310268117E-1,6.159051756E0,6.179268486E0
1.645516942E1,1.647195002E-1,2.432573274E-1,6.405176266E0,6.411909984E0
1.646515742E1,-6.612787943E-2,9.970182426E-2,6.794197955E0,6.795251224E0
1.647514542E1,-2.725522067E-1,5.800437927E-3,7.048885712E0,7.054155380E0
1.648513342E1,-4.532071968E-1,-2.240071971E-2,6.893156233E0,6.908075087E0
1.649512142E1,-5.924946345E-1,-3.289073423E-2,6.090545778E0,6.119385554E0
1.650510942E1,-5.051434087E-1,1.691074335E-1,4.813068906E0,4.842458000E0
1.651509742E1,-4.124886488E-1,5.082234661E-1,3.364428245E0,3.427508627E0
1.652508542E1,-5.131781043E-1,7.370799784E-1,2.005180401E0,2.197131562E0
1.653507342E1,-5.753821000E-1,8.681592775E-1,8.406840152E-1,1.338474768E0
1.654506142E1,-4.669977453E-1,9.618997192E-1,-1.823565298E-1,1.084708195E0
1.655504942E1,-2.710556484E-1,8.120738813E-1,-1.049815530E0,1.354639362E0
1.656503742E1,-8.776930165E-2,7.118730703E-1,-1.746528817E0,1.888075641E0
1.657502542E1,-4.425819654E-2,7.162760237E-1,-2.070817736E0,2.191642358E0
1.658501342E1,-1.680639979E-1,6.799080965E-1,-2.100471890E0,2.214159589E0
1.659500142E1,-2.885602752E-1,6.716899811E-1,-2.024644028E0,2.152584006E0
1.660498942E1,-3.485962330E-1,6.479590563E-1,-1.832562994E0,1.974755022E0
1.661497742E1,-2.608049677E-1,6.435819769E-1,-1.730698065E0,1.864814410E0
1.662496542E1,3.071432747E-3,6.113086355E-1,-1.733408834E0,1.838046210E0
1.663495342E1,2.534915079E-1,6.321765442E-1,-1.950118926E0,2.065640083E0
1.664494142E1,4.430169982E-1,6.158221744E-1,-2.414473802E0,2.530846648E0
1.665492942E1,6.020847259E-1,5.590688069E-1,-3.007215993E0,3.117436764E0
1.666491742E1,7.224841587E-1,4.937751059E-1,-3.478708566E0,3.587089420E0
1.667490542E1,8.140146453E-1,4.972319067E-1,-3.869406652E0,3.985243688E0
1.668489342E1,8.432255074E-1,5.124614184E-1,-4.254828211E0,4.367746452E0
1.669488142E1,7.510244914E-1,4.261417877E-1,-4.412179123E0,4.495882475E0
1.670486942E1,6.636714750E-1,2.540078354E-1,-4.333911218E0,4.391783949E0
1.671485742E1,6.565690814E-1,1.502200133E-1,-4.195199475E0,4.248923116E0
1.672484542E1,7.000274154E-1,9.799429111E-2,-4.057462463E0,4.118572921E0
1.673483342E1,8.572102200E-1,1.081678251E-1,-3.964884667E0,4.057932979E0
1.674482142E1,9.734583490E-1,1.412933250E-1,-3.899181844E0,4.021343558E0
1.675480942E1,1.101170163E0,1.164279308E-1,-3.676464908E0,3.839599642E0
1.676479742E1,1.237714343E0,2.075355906E-1,-3.332512972E0,3.560990105E0
1.677478542E1,1.268852229E0,3.942465054E-1,-2.932899637E0,3.219831760E0
1.678477342E1,1.257375898E0,5.559080580E-1,-2.422359942E0,2.785292733E0
1.679476142E1,1.171340844E0,6.331711556E-1,-1.894689075E0,2.315770234E0
1.680474942E1,1.046315095E0,6.101991629E-1,-1.593080921E0,2.001255885E0
1.681473742E1,1.006856622E0,5.760392174E-1,-1.466592198E0,1.869886123E0
1.682472542E1,1.038226787E0,5.506212614E-1,-1.335521597E0,1.778965028E0
1.683471342E1,1.029109736E0,5.103393542E-1,-1.062496387E0,1.564740131E0
1.684470117E1,8.585912593E-1,5.096765723E-1,-7.930286229E-1,1.275085705E0
1.685468917E1,6.165463521E-1,5.126267119E-1,-4.456420326E-1,9.173398341E-1
1.686467717E1,4.518441743E-1,4.866498716E-1,9.508566678E-2,6.708446462E-1
1.687466517E1,4.076854900E-1,5.419196543E-1,8.617819387E-1,1.096609539E0
1.688465317E1,3.926585843E-1,6.318162826E-1,1.656709152E0,1.816055559E0
1.689464117E1,3.965941259E-1,7.048814084E-1,2.201027042E0,2.344923185E0
1.690462917E1,3.041275367E-1,8.047541906E-1,2.367430614E0,2.518898683E0
1.691461717E1,1.635748163E-1,8.335443456E-1,2.416309828E0,2.561270404E0
1.692460517E1,-5.681596010E-2,8.596052396E-1,2.656332768E0,2.792535227E0
1.693459317E1,-1.903632501E-1,8.729563332E-1,2.941150058E0,3.073866391E0
1.694458117E1,-1.505141100E-1,8.930438579E-1,3.189776006E0,3.315848730E0
1.695456917E1,5.614141982E-2,9.296978601E-1,3.258707662E0,3.389198371E0
1.696455717E1,2.037026128E-1,8.755883843E-1,3.138146262E0,3.264370036E0
1.697454517E1,1.760399107E-1,7.635769285E-1,2.735311110E0,2.845341218E0
1.698453317E1,5.680511534E-2,6.015125393E-1,2.123952554E0,2.208216160E0
1.699452117E1,-2.065057132E-1,5.047581503E-1,2.124679363E0,2.193555970E0
1.700450917E1,-6.980385581E-1,4.658871397E-1,2.883928621E0,3.003556716E0
1.701449717E1,-1.100206250E0,3.598400632E-1,4.046925196E0,4.209221093E0
1.702448517E1,-1.156754088E0,3.572387466E-1,5.096234357E0,5.238063017E0
1.703447317E1,-8.184202299E-1,4.292559417E-1,5.340861395E0,5.420228111E0
1.704446117E1,-3.819024850E-1,5.065590927E-1,4.674025626E0,4.716881086E0
1.705444917E1,-2.181927441E-1,7.077723449E-1,3.456118433E0,3.534586877E0
1.706443717E1,-3.867851293E-1,9.802316174E-1,1.972906110E0,2.236697404E0
1.707442517E1,-6.318824293E-1,1.153028534E0,5.177604210E-1,1.413090959E0
1.708441317E1,-8.173707278E-1,1.187916312E0,-5.809314001E-1,1.554580767E0
1.709440117E1,-8.343861254E-1,1.239874159E0,-1.191700557E0,1.911449281E0
1.710438917E1,-7.836246190E-1,1.140421060E0,-1.042020607E0,1.732176285E0
1.711437717E1,-7.101380552E-1,9.127267552E-1,-3.934913009E-1,1.221557036E0
1.712436517E1,-5.634490293E-1,7.079416949E-1,3.706889141E-1,9.777865426E-1
1.713435317E1,-3.407087776E-1,5.782832326E-1,7.956358963E-1,1.040927686E0
1.714434117E1,-1.522756385E-1,4.899332294E-1,5.557357478E-1,7.563495625E-1
1.715432917E1,-5.822229769E-2,4.620319243E-1,-1.765689558E-1,4.980360741E-1
1.716431717E1,9.157470614E-4,3.230909707E-1,-1.094547899E0,1.141237801E0
1.717430517E1,6.288422791E-2,1.348846122E-1,-1.975237979E0,1.980836530E0
1.718429317E1,1.458535411E-1,1.907228356E-2,-2.831784321E0,2.835602132E0
1.719428117E1,2.068599448E-1,-7.087971060E-2,-3.433120165E0,3.440076894E0
1.720426917E1,2.378594702E-1,-1.052156390E-1,-3.829669560E0,3.838491422E0
1.721425717E1,1.875237874E-1,-2.131583645E-1,-3.880648509E0,3.891019726E0
1.722424517E1,4.180383142E-1,-1.716664675E-1,-3.840784532E0,3.867279564E0
1.723423317E1,7.765853023E-1,-2.542283485E-1,-3.845213213E0,3.931078915E0
1.724422117E1,9.399671788E-1,-3.324207149E-1,-3.796193665E0,3.924936709E0
1.725420917E1,9.974427505E-1,-3.008961826E-1,-3.551468979E0,3.701129890E0
1.726419717E1,9.392445360E-1,-2.909194074E-1,-3.217836210E0,3.364711618E0
1.727418517E1,7.522817890E-1,-3.136656610E-1,-2.882578499E0,2.995592235E0
1.728417317E1,5.384958172E-1,-4.019648300E-1,-2.638813341E0,2.723029437E0
1.729416117E1,6.898871740E-1,-2.566380774E-1,-2.553189638E0,2.657176085E0
1.730414917E1,1.090541533E0,-8.187199180E-2,-2.621992655E0,2.840920510E0
1.731413717E1,1.432301933E0,1.000948485E-1,-2.762931018E0,3.113726965E0
1.732412517E1,1.652285880E0,2.438415190E-1,-2.786757837E0,3.248926986E0
1.733411317E1,1.709914137E0,4.020450465E-1,-2.789313655E0,3.296318741E0
1.734410117E1,1.585076668E0,5.766520422E-1,-2.631799605E0,3.125918230E0
1.735408917E1,1.361803369E0,6.498520924E-1,-2.221126846E0,2.685185399E0
1.736407717E1,1.233261835E0,5.393228327E-1,-1.477889603E0,1.998990133E0
1.737406517E1,1.154840806E0,6.295629850E-1,-9.610483646E-1,1.628993799E0
1.738405317E1,9.883661176E-1,7.744508493E-1,-4.578112578E-1,1.336500224E0
1.739404117E1,8.671571378E-1,8.112724473E-1,1.921588022E-1,1.202933702E0
1.740402917E1,7.826103464E-1,8.970877922E-1,9.037702096E-1,1.494672557E0
1.741401717E1,5.933875043E-1,8.996452182E-1,1.723011900E0,2.032299254E0
1.742400517E1,4.519534441E-1,7.648702595E-1,2.455228311E0,2.611021733E0
1.743399317E1,3.709609923E-1,5.804245926E-1,3.162546692E0,3.236696827E0
1.744398117E1,1.010007467E-1,3.504011223E-1,3.648324598E0,3.666504394E0
1.745396917E1,-2.824931129E-1,9.144602171E-2,3.913322750E0,3.924571274E0
1.746395717E1,-4.589878638E-1,-4.946826668E-2,3.947010899E0,3.973916456E0
1.747394517E1,-4.440880620E-1,-1.829916105E-1,3.973744953E0,4.002667747E0
1.748393317E1,-3.325833040E-1,-3.417592664E-1,3.914734853E0,3.943673417E0
1.749392117E1,-3.067773852E-1,-3.735699468E-1,3.846931710E0,3.877183314E0
1.750390917E1,-5.325948802E-1,-2.255291908E-1,4.289966469E0,4.328779623E0
1.751389717E1,-9.054199284E-1,-4.782402051E-2,4.957461804E0,5.039692443E0
1.752388517E1,-8.926435429E-1,2.743612804E-1,5.360515056E0,5.441250617E0
1.753387317E1,-5.536872124E-1,5.979538143E-1,5.271028683E0,5.333653689E0
1.754386117E1,-2.423768463E-1,5.556892259E-1,4.576626801E0,4.616605888E0
1.755384917E1,1.157247803E-2,3.377396346E-1,3.543019168E0,3.559099157E0
1.756383717E1,1.316608686E-1,7.132312140E-2,2.360871207E0,2.365615021E0
1.757382517E1,-1.828111417E-4,-1.454412302E-1,1.379167553E0,1.386815173E0
1.758381317E1,-1.673954967E-1,-3.060410928E-1,5.978111422E-1,6.921420118E-1
1.759380117E1,-2.468503683E-1,-5.113239888E-1,1.612662077E-3,5.677939120E-1
1.760378917E1,-2.781838063E-1,-5.275890058E-1,-3.418457687E-1,6.874553940E-1
1.761377717E1,-4.202695752E-1,-4.511150996E-1,-2.830566931E-1,6.784190743E-1
1.762376517E1,-7.346184468E-1,-4.636920584E-1,6.542449594E-3,8.687447215E-1
1.763375317E1,-9.131867118E-1,-4.961225072E-1,5.419696480E-1,1.172083023E0
1.764374117E1,-7.482389510E-1,-5.488217808E-1,8.965015358E-1,1.290264267E0
1.765372917E1,-3.870924736E-1,-5.515223904E-1,8.512318075E-1,1.085639498E0
1.766371717E1,-9.030400568E-2,-5.320165175E-1,4.347627032E-1,6.929754660E-1
1.767370517E1,1.400567851E-1,-5.075532656E-1,-2.846746176E-1,5.985531375E-1
1.768369317E1,2.502973385E-1,-4.746150593E-1,-1.189893767E0,1.305279813E0
1.769368117E1,3.338578143E-1,-4.602716200E-1,-2.076283713E0,2.152734322E0
1.770366817E1,4.338975711E-1,-4.159166520E-1,-2.843751817E0,2.906574988E0
1.771365617E1,5.107313369E-1,-3.051832332E-1,-3.445327397E0,3.496321521E0
1.772364417E1,5.097132636E-1,-1.380022288E-1,-3.862505769E0,3.898435973E0
1.773363317E1,4.323237930E-1,-6.459624697E-3,-4.084178392E0,4.107001184E0
1.774362117E1,3.040589050E-1,-2.772156947E-3,-4.214988207E0,4.225941917E0
1.775360917E1,2.160296581E-1,-1.365484009E-1,-4.358020458E0,4.365507598E0
1.776359617E1,2.969298700E-1,-2.565621184E-1,-4.335533820E0,4.353256824E0
1.777358417E1,6.494119433E-1,-1.930195488E-1,-4.175877936E0,4.230478573E0
1.778357217E1,1.134195676E0,-1.537965542E-1,-4.114151804E0,4.270397906E0
1.779356017E1,1.478358696E0,-1.825397487E-1,-4.038447903E0,4.304407817E0
1.780354817E1,1.612975049E0,-1.100213559E-1,-3.893434031E0,4.215758741E0
1.781353617E1,1.483629523E0,-8.418578072E-2,-3.641737710E0,3.933255312E0
1.782352417E1,1.227899792E0,-1.253150408E-1,-3.407937961E0,3.624566582E0
1.783351217E1,1.000626706E0,-1.648918103E-1,-3.142034075E0,3.301639175E0
1.784350017E1,8.562943268E-1,-8.782872397E-2,-2.819274203E0,2.947755229E0
1.785348842E1,7.957430466E-1,2.479515452E-2,-2.363106013E0,2.493610199E0
1.786347642E1,7.687891366E-1,5.651509345E-2,-1.834181503E0,1.989586007E0
1.787346442E1,7.691540028E-1,2.444830500E-3,-1.173084776E0,1.402758621E0
1.788345242E1,7.759386733E-1,5.483953726E-2,-4.887839592E-1,9.186936150E-1
1.789344042E1,7.627556140E-1,1.154441002E-1,3.443010145E-1,8.447879353E-1
1.790342842E1,7.502416223E-1,7.297284935E-2,1.096783290E0,1.330834743E0
1.791341642E1,6.358372667E-1,3.022210155E-2,1.763326698E0,1.874706230E0
1.792340442E1,4.206232587E-1,2.273934659E-2,2.406469549E0,2.443058880E0
1.793339242E1,2.735956423E-1,3.395573147E-2,2.725721092E0,2.739628266E0
1.794338042E1,1.959661070E-1,1.822594661E-1,2.824665921E0,2.837315420E0
1.795336842E1,-9.819940961E-2,1.123576475E-1,2.761459858E0,2.765488730E0
1.796335642E1,-4.760668498E-1,-5.140506551E-2,2.637003043E0,2.680124470E0
1.797334442E1,-6.162898055E-1,-1.282731837E-1,2.797518468E0,2.867468694E0
1.798333242E1,-6.794197809E-1,-1.307103763E-1,3.130582888E0,3.206126270E0
1.799332042E1,-5.982016266E-1,-1.890893794E-1,3.579104090E0,3.633673907E0
1.800330842E1,-4.922829330E-1,-2.221591115E-1,3.925119508E0,3.962103016E0
1.801329642E1,-3.378187182E-1,-2.162649719E-1,3.936491758E0,3.956874952E0
1.802328442E1,-2.121291632E-1,-2.511107958E-1,3.852500013E0,3.866498644E0
1.803327242E1,-4.137193780E-1,-2.697779587E-1,3.962669157E0,3.993330780E0
1.804326042E1,-8.670749845E-1,-2.994353288E-1,4.196838450E0,4.295920567E0
1.805324842E1,-1.018274041E0,-1.508562635E-1,4.474171304E0,4.591061804E0
1.806323642E1,-7.760173915E-1,-7.956796043E-2,4.534924459E0,4.601529517E0
1.807322442E1,-5.247370264E-1,-1.483846454E-1,4.123289248E0,4.159192370E0
1.808321242E1,-2.818314821E-1,-2.352860375E-1,3.366750759E0,3.386709196E0
1.809320042E1,-1.083546253E-1,-3.258546571E-1,2.374418621E0,2.399121875E0
1.810318842E1,-8.453471331E-2,-3.669930352E-1,1.317802779E0,1.370559802E0
1.811317642E1,-1.779918574E-1,-2.687233403E-1,4.775520426E-1,5.761504042E-1
1.812316442E1,-1.701839425E-2,-3.490348472E-1,-2.043923467E-1,4.048347586E-1
1.813315242E1,-1.377242211E-1,-3.906915810E-1,-3.781096154E-1,5.608696407E-1
1.814314042E1,-6.235150637E-1,-5.485962975E-1,6.489298403E-2,8.330306307E-1
1.815312842E1,-7.150678428E-1,-8.731453445E-1,4.057616830E-1,1.199311201E0
1.816311642E1,-4.346667358E-1,-8.954553227E-1,4.880021864E-1,1.108567337E0
1.817310442E1,-6.991210604E-2,-9.518376113E-1,8.656159580E-2,9.583190756E-1
1.818309242E1,5.396469329E-2,-1.001149154E0,-6.672181767E-1,1.204322180E0
1.819308042E1,-5.767966237E-2,-9.565520020E-1,-1.433916203E0,1.724654850E0
1.820306842E1,9.151733033E-2,-8.003373501E-1,-2.222337804E0,2.363831765E0
1.821305642E1,3.431940270E-1,-5.156582374E-1,-3.131220235E0,3.191900017E0
1.822304442E1,5.120012060E-1,-2.471374666E-1,-3.884130526E0,3.925518069E0
1.823303242E1,6.112179306E-1,-9.872579606E-2,-4.333858008E0,4.377860137E0
1.824302042E1,6.484689336E-1,-2.807820166E-1,-4.439759270E0,4.495643766E0
1.825300842E1,7.478062570E-1,-5.277797347E-1,-4.158960187E0,4.258487464E0
1.826299642E1,9.383356594E-1,-5.861746349E-1,-3.790632963E0,3.948793838E0
1.827298442E1,1.176240519E0,-7.066335265E-1,-3.537705803E0,3.794500632E0
1.828297242E1,1.341900763E0,-7.812134466E-1,-3.522058654E0,3.849141368E0
1.829296042E1,1.395949501E0,-7.696586906E-1,-3.669917781E0,4.001168083E0
1.830294842E1,1.491446958E0,-6.718752647E-1,-3.903074335E0,4.231999488E0
1.831293642E1,1.563598675E0,-5.195209811E-1,-4.032310665E0,4.355946759E0
1.832292442E1,1.588784972E0,-3.736264090E-1,-3.960579947E0,4.283693255E0
1.833291242E1,1.599873485E0,-2.976871941E-1,-3.642241740E0,3.989252778E0
1.834290042E1,1.629798658E0,-3.611705972E-1,-3.061512069E0,3.487053772E0
1.835288842E1,1.613238320E0,-4.146017594E-1,-2.454435428E0,2.966257873E0
1.836287642E1,1.526829337E0,-4.140037720E-1,-1.979822781E0,2.534226744E0
1.837286442E1,1.423065817E0,-4.970356230E-1,-1.646488804E0,2.232282713E0
1.838285242E1,1.434196284E0,-4.729830283E-1,-1.357204826E0,2.030427755E0
1.839284042E1,1.443987593E0,-6.042993589E-1,-1.053584061E0,1.886880298E0
1.840282842E1,1.290074990E0,-8.991256200E-1,-7.976637107E-1,1.763232190E0
1.841281642E1,1.296521253E0,-9.533867580E-1,-3.079804498E-1,1.638525443E0
1.842280442E1,1.246489991E0,-9.415350366E-1,2.973122048E-1,1.590163535E0
1.843279242E1,1.105697224E0,-9.542685912E-1,8.033910584E-1,1.666922940E0
1.844278042E1,9.219106114E-1,-9.973162314E-1,1.271968794E0,1.860769587E0
1.845276842E1,6.258128732E-1,-1.074067661E0,1.871035334E0,2.246338424E0
1.846275642E1,2.854092472E-1,-1.204401002E0,2.498393626E0,2.788191335E0
1.847274442E1,-1.227793957E-1,-1.430195473E0,3.060560142E0,3.380467757E0
1.848273242E1,-5.589112610E-1,-1.688441553E0,3.640426179E0,4.051656383E0
1.849272042E1,-9.237742652E-1,-1.901540550E0,4.362743838E0,4.847963403E0
1.850270842E1,-1.172519204E0,-2.037814589E0,5.066967874E0,5.585843984E0
1.851269642E1,-1.021582834E0,-1.871927034E0,5.564896293E0,5.959514499E0
1.852268442E1,-5.424244152E-1,-1.653463217E0,5.407721382E0,5.680811157E0
1.853267242E1,-3.295679314E-1,-1.574067091E0,4.685876763E0,4.954164235E0
1.854266042E1,-4.791377344E-1,-1.556353244E0,3.906153479E0,4.232002291E0
1.855264842E1,-9.384503379E-1,-1.537682938E0,3.575305154E0,4.003494074E0
1.856263642E1,-1.120612375E0,-1.452253363E0,3.407800552E0,3.870131332E0
1.857262442E1,-1.194750026E0,-1.501205814E0,3.247808452E0,3.772175270E0
1.858261242E1,-1.144967344E0,-1.541256026E0,3.075909083E0,3.625967049E0
1.859260042E1,-1.042071478E0,-1.660600767E0,2.626418413E0,3.277435209E0
1.860258842E1,-9.612229040E-1,-1.850258569E0,2.073133818E0,2.940287413E0
1.861257642E1,-1.063735850E0,-1.933287131E0,1.592488014E0,2.721240739E0
1.862256442E1,-1.225968676E0,-2.051769846E0,1.131487100E0,2.644432217E0
1.863255242E1,-1.089227956E0,-2.021759450E0,7.328531724E-1,2.410602121E0
1.864254042E1,-8.444743265E-1,-1.868896422E0,8.626204294E-1,2.224865104E0
1.865252842E1,-1.083378109E0,-1.585209692E0,1.632033902E0,2.519946935E0
1.866251642E1,-1.125971567E0,-1.362152594E0,1.877854941E0,2.578683936E0
1.867250442E1,-9.401833065E-1,-1.035350688E0,1.711999254E0,2.210619177E0
1.868249242E1,-8.090303325E-1,-7.546415059E-1,1.376667284E0,1.766133260E0
1.869248042E1,-8.614152452E-1,-7.145427628E-1,8.148048234E-1,1.384382348E0
1.870246842E1,-8.609335808E-1,-7.792284630E-1,1.338842815E-1,1.168900607E0
1.871245642E1,-7.580647583E-1,-7.779212449E-1,-5.858828223E-1,1.234132214E0
1.872244442E1,-5.292368243E-1,-8.136447358E-1,-1.426248164E0,1.725193670E0
1.873243242E1,-3.490385018E-1,-7.977157509E-1,-2.145973168E0,2.315897047E0
1.874242042E1,-1.648139144E-1,-8.263676193E-1,-2.704446582E0,2.832680424E0
1.875240842E1,1.216316787E-2,-8.944566914E-1,-3.149147213E0,3.273733173E0
1.876239642E1,1.667556103E-1,-9.020522976E-1,-3.558303789E0,3.674647145E0
1.877238442E1,3.002010765E-1,-8.771793386E-1,-3.874489637E0,3.983871763E0
1.878237242E1,3.534940435E-1,-8.680775627E-1,-4.065108867E0,4.171765429E0
1.879236042E1,3.623651833E-1,-8.655316119E-1,-4.219124528E0,4.322206066E0
1.880234842E1,3.635537761E-1,-7.980810557E-1,-4.323624212E0,4.411669870E0
1.881233642E1,3.796537189E-1,-7.415926402E-1,-4.336277586E0,4.415586019E0
1.882232442E1,3.679324635E-1,-6.670573783E-1,-4.369106194E0,4.435022974E0
1.883231242E1,4.629261097E-1,-5.849542844E-1,-4.428671780E0,4.491058431E0
1.884230042E1,5.489176751E-1,-4.152118798E-1,-4.542957948E0,4.594799064E0
1.885228767E1,7.072707999E-1,-5.193624119E-1,-4.483230395E0,4.568295532E0
1.886227567E1,7.598572223E-1,-7.390482974E-1,-4.278776067E0,4.408117514E0
1.887226367E1,7.840646220E-1,-6.375907736E-1,-4.158886512E0,4.279908451E0
1.888225167E1,8.917745005E-1,-6.063780440E-1,-3.881217443E0,4.028250853E0
1.889223967E1,9.125202754E-1,-5.697526201E-1,-3.444242154E0,3.608339690E0
1.890222767E1,8.369087604E-1,-6.263584916E-1,-2.800970079E0,2.989678012E0
1.891221567E1,7.122421758E-1,-7.739537629E-1,-1.947056739E0,2.212989672E0
1.892220367E1,5.240037125E-1,-7.760974983E-1,-1.272321966E0,1.579781758E0
1.893219167E1,4.241815817E-1,-7.987078772E-1,-6.175700533E-1,1.095105958E0
1.894217967E1,3.299410934E-1,-1.067278532E0,-7.871346295E-2,1.119884101E0
1.895216767E1,1.559140502E-1,-1.333143973E0,4.392340690E-1,1.412270728E0
1.896215567E1,-1.309316934E-1,-1.401273391E0,1.111146975E0,1.793141886E0
1.897214367E1,-5.195339546E-1,-1.523273645E0,1.823952384E0,2.432504969E0
1.898213167E1,-9.278038008E-1,-1.679712684E0,2.507122934E0,3.157201292E0
1.899211967E1,-1.160880833E0,-1.753979339E0,3.064020524E0,3.716491572E0
1.900210767E1,-1.210186091E0,-1.788547786E0,3.403558981E0,4.030839527E0
1.901209567E1,-1.167493523E0,-1.738446064E0,3.579545555E0,4.147093226E0
1.902208367E1,-8.919143951E-1,-1.706308452E0,3.457541646E0,3.957473190E0
1.903207167E1,-7.980143975E-1,-1.748805430E0,3.408777037E0,3.913426669E0
1.904205967E1,-8.728503525E-1,-1.837259185E0,3.153458950E0,3.752558114E0
1.905204767E1,-1.041394224E0,-1.887221889E0,3.165332306E0,3.829547884E0
1.906203567E1,-1.165150470E0,-1.917547596E0,3.425094861E0,4.094610996E0
1.907202367E1,-1.108376418E0,-1.856414663E0,3.769682974E0,4.345720126E0
1.908201167E1,-8.727409364E-1,-1.641359188E0,4.077582732E0,4.481341057E0
1.909199967E1,-4.573798064E-1,-1.468403812E0,4.231473262E0,4.502307410E0
1.910198767E1,-5.518492498E-3,-1.221097141E0,3.914084643E0,4.100142348E0
1.911197567E1,1.089055062E-1,-1.121037833E0,3.425231102E0,3.605661428E0
1.912196367E1,1.947364010E-2,-1.110298033E0,2.902552003E0,3.107724098E0
1.913195167E1,-1.133975930E-1,-1.085984287E0,2.299909306E0,2.545938668E0
1.914193967E1,-3.007512995E-1,-1.090117245E0,1.879816098E0,2.193744632E0
1.915192767E1,-4.077316099E-1,-1.083621646E0,1.934562408E0,2.254553758E0
1.916191567E1,-2.139889250E-1,-1.098053451E0,2.429735620E0,2.674907069E0
1.917190367E1,2.350124427E-1,-1.044308476E0,3.024958200E0,3.208766609E0
1.918189167E1,6.723791485E-1,-1.031535599E0,3.190701621E0,3.420049158E0
1.919187967E1,1.030553559E0,-1.244876013E0,3.026537533E0,3.430989123E0
1.920186767E1,1.165137826E0,-1.555650555E0,2.831760347E0,3.434597715E0
1.921185567E1,9.583389842E-1,-1.844343087E0,2.293810076E0,3.095412685E0
1.922184367E1,4.921886101E-1,-2.085389728E0,1.413361486E0,2.566844490E0
1.923183167E1,1.730666929E-1,-2.318857793E0,4.688876384E-1,2.372110698E0
1.924181967E1,4.940885806E-2,-2.415305130E0,-2.677065825E-1,2.430598059E0
1.925180767E1,-3.746472324E-2,-2.486725215E0,-7.478957194E-1,2.597027899E0
1.926179567E1,-5.036663655E-2,-2.528773127E0,-1.028131131E0,2.730253459E0
1.927178367E1,1.723740902E-1,-2.495525567E0,-1.255289612E0,2.798769853E0
1.928177167E1,6.797306335E-1,-2.354418805E0,-1.600378831E0,2.926864200E0
1.929175967E1,1.011678528E0,-2.402822641E0,-2.132220517E0,3.367998577E0
1.930174767E1,1.094573481E0,-2.439287924E0,-2.828180097E0,3.891891487E0
1.931173567E1,1.060988682E0,-2.434752093E0,-3.421501747E0,4.331326465E0
1.932172367E1,9.012663587E-1,-2.354928828E0,-3.646187441E0,4.433131364E0
1.933171167E1,7.439769155E-1,-2.242984908E0,-3.584031538E0,4.292990218E0
1.934169967E1,5.589311050E-1,-1.965581887E0,-3.312122562E0,3.891795473E0
1.935168767E1,4.612224504E-1,-1.635929171E0,-2.906626927E0,3.367116050E0
1.936167567E1,3.081739195E-1,-1.463105796E0,-2.512031672E0,2.923346174E0
1.937166367E1,6.473598629E-2,-1.316365533E0,-2.177987843E0,2.545710119E0
1.938165167E1,-5.629717503E-2,-1.184611393E0,-2.012890540E0,2.336279489E0
1.939163967E1,-3.790603727E-2,-1.218903193E0,-1.911401002E0,2.267292582E0
1.940162767E1,1.214560612E-1,-1.350219889E0,-1.841431466E0,2.286638399E0
1.941161567E1,5.645001394E-1,-1.434486160E0,-1.782090413E0,2.356322811E0
1.942160367E1,1.081770710E0,-1.480509741E0,-1.632508112E0,2.455039653E0
1.943159167E1,1.429488253E0,-1.524812632E0,-1.081024459E0,2.353105205E0
1.944157967E1,1.461447525E0,-1.499407796E0,-3.552961189E-1,2.123743850E0
1.945156767E1,9.022188701E-1,-1.470451653E0,5.374994516E-1,1.806967795E0
1.946155567E1,3.019929010E-1,-1.586201964E0,9.939570791E-1,1.896097851E0
1.947154367E1,5.998439267E-3,-1.499000829E0,9.950247806E-1,1.799198094E0
1.948153167E1,-2.838212165E-1,-1.326834827E0,1.219826834E0,1.824560946E0
1.949151967E1,-5.772212686E-1,-1.397499159E0,1.424672924E0,2.077469912E0
1.950150767E1,-6.736691174E-1,-1.370719204E0,1.742675502E0,2.317243863E0
1.951149567E1,-5.351184654E-1,-1.250606869E0,2.316264553E0,2.686159115E0
1.952148367E1,-3.495040863E-1,-1.257283512E0,2.940685204E0,3.217226198E0
1.953147167E1,-3.536502373E-1,-1.282070883E0,3.589860628E0,3.828299043E0
1.954145967E1,-5.579491382E-1,-1.298256560E0,4.134479064E0,4.369289928E0
1.955144667E1,-1.005561975E0,-1.183569565E0,4.532596682E0,4.791286308E0
1.956143467E1,-1.484978329E0,-8.094071124E-1,4.665741876E0,4.962806440E0
1.957142267E1,-1.674802484E0,-5.331226280E-1,4.337991405E0,4.680529086E0
1.958141067E1,-1.717667399E0,-4.865444025E-1,3.734842340E0,4.139583802E0
1.959139867E1,-1.662218107E0,-4.656861417E-1,2.986710393E0,3.449677027E0
1.960138667E1,-1.590623921E0,-6.880531948E-1,2.342682273E0,2.914045623E0
1.961137467E1,-1.372981199E0,-1.022165582E0,1.890831667E0,2.550518427E0
1.962136267E1,-9.679755610E-1,-1.433634659E0,1.736517214E0,2.451076714E0
1.963135067E1,-3.296371113E-1,-1.771658542E0,1.735050732E0,2.501566641E0
1.964133867E1,2.269735810E-1,-1.893124653E0,1.625776212E0,2.505710727E0
1.965132667E1,4.200311915E-1,-1.941762670E0,1.383679850E0,2.421040767E0
1.966131467E1,3.493897001E-1,-1.895500523E0,9.912240905E-1,2.167376431E0
1.967130267E1,2.082082945E-1,-1.820692707E0,6.118707722E-1,1.932008921E0
1.968129067E1,5.538512359E-2,-1.597345003E0,2.761815369E-1,1.621991003E0
1.969127867E1,-1.901498633E-1,-1.255529640E0,-2.425103456E-1,1.292796548E0
1.970126667E1,-4.632058259E-1,-9.211868723E-1,-7.113231397E-1,1.252647396E0
1.971125467E1,-5.372247056E-1,-6.469496807E-1,-1.150689356E0,1.425215867E0
1.972124267E1,-5.658633811E-1,-4.402154145E-1,-1.579780844E0,1.734848262E0
1.973123067E1,-5.930886019E-1,-4.069587542E-1,-1.868974775E0,2.002607357E0
1.974121867E1,-5.409562524E-1,-4.506186710E-1,-2.126006681E0,2.239552469E0
1.975120667E1,-4.002430078E-1,-5.023315193E-1,-2.221758345E0,2.312734651E0
1.976119467E1,-2.964217470E-1,-6.296388526E-1,-2.450113167E0,2.547030716E0
1.977118267E1,-1.687167299E-1,-7.877605008E-1,-2.720122967E0,2.836917500E0
1.978117067E1,-1.746808168E-2,-9.896231228E-1,-2.942289096E0,3.104307359E0
1.979115867E1,1.574344176E-1,-1.117992164E0,-3.288715573E0,3.477116937E0
1.980114667E1,3.778869462E-1,-1.224784907E0,-3.700844289E0,3.916522062E0
1.981113467E1,6.313577148E-1,-1.247428030E0,-3.982218738E0,4.220516003E0
1.982112267E1,7.125055929E-1,-1.089187172E0,-4.089077189E0,4.291217213E0
1.983111067E1,7.061685998E-1,-1.087807522E0,-4.244294452E0,4.438021484E0
1.984109867E1,7.729981086E-1,-1.048419727E0,-4.406179295E0,4.594684535E0
1.985108679E1,9.368477623E-1,-1.018830696E0,-4.543369008E0,4.749515939E0
1.986107479E1,1.137564330E0,-1.086825701E0,-4.656411474E0,4.915018873E0
1.987106279E1,1.272942648E0,-1.144875615E0,-4.660658891E0,4.965165099E0
1.988105079E1,1.432541961E0,-1.159784553E0,-4.569142950E0,4.926900037E0
1.989103879E1,1.583202927E0,-1.217421216E0,-4.355128425E0,4.791220045E0
1.990102679E1,1.693040388E0,-1.153223831E0,-3.948317751E0,4.448092178E0
1.991101479E1,1.747213526E0,-1.088534404E0,-3.430030496E0,4.000346417E0
1.992100279E1,1.749330656E0,-9.983943117E-1,-2.780796016E0,3.433624241E0
1.993099079E1,1.698724174E0,-9.009682238E-1,-2.147134425E0,2.882289680E0
1.994097879E1,1.553234924E0,-8.327810647E-1,-1.528696645E0,2.333018745E0
1.995096679E1,1.433954356E0,-8.580275877E-1,-8.229002935E-1,1.862686589E0
1.996095479E1,1.467231445E0,-9.498300429E-1,-2.783742428E-2,1.748061825E0
1.997094279E1,1.578378974E0,-1.001761577E0,5.576454484E-1,1.950839535E0
1.998093079E1,1.681670185E0,-9.952478519E-1,7.143414724E-1,2.080580841E0
1.999091879E1,1.692887630E0,-8.278982741E-1,6.923793304E-1,2.007653660E0
2.000090679E1,1.727606058E0,-5.703727173E-1,7.758980352E-1,1.977868926E0
2.001089479E1,1.713951493E0,-4.212842133E-1,9.188624579E-1,1.989828718E0
2.002088279E1,1.545322472E0,-3.526411906E-1,1.072899753E0,1.914024877E0
2.003087079E1,1.395720144E0,-3.084864898E-1,1.141229146E0,1.829098848E0
2.004085879E1,1.170946742E0,-2.115292937E-1,1.195525221E0,1.686754715E0
2.005084679E1,8.644276576E-1,-1.767866184E-1,1.439974503E0,1.688791062E0
2.006083479E1,5.511909264E-1,-1.087255398E-1,2.179927365E0,2.251158812E0
2.007082279E1,3.943448117E-1,-4.583869893E-2,3.149720240E0,3.174641178E0
2.008081079E1,4.386942979E-1,-6.010204048E-2,4.142719545E0,4.166316139E0
2.009079879E1,5.859490420E-1,9.971590326E-3,4.621624634E0,4.658631770E0
2.010078679E1,5.471060615E-1,1.440603554E-1,4.320939170E0,4.357819838E0
2.011077479E1,2.628313569E-1,6.289383014E-2,3.832054054E0,3.841571844E0
2.012076279E1,1.269454181E-1,-1.373501729E-1,3.469712040E0,3.474749178E0
2.013075079E1,7.926149324E-2,-2.332205634E-1,3.266946974E0,3.276219887E0
2.014073879E1,1.047944567E-1,-3.298663587E-1,3.329609830E0,3.347550644E0
2.015072679E1,7.375386377E-2,-4.680062438E-1,3.420065086E0,3.452725687E0
2.016071479E1,-1.056464691E-1,-3.644397023E-1,3.415520046E0,3.436532359E0
2.017070279E1,-2.860292896E-1,-2.303314405E-2,3.041546751E0,3.055053177E0
2.018069079E1,-6.786461943E-1,3.539866349E-1,2.188802269E0,2.318776092E0
2.019067879E1,-1.224515789E0,6.313986453E-1,1.438017440E0,1.991481188E0
2.020066679E1,-1.636453082E0,6.527933881E-1,1.145126315E0,2.101292977E0
2.021065479E1,-1.807231248E0,5.840523514E-1,1.183167715E0,2.237652291E0
2.022064279E1,-1.955841303E0,5.489630641E-1,1.320150436E0,2.422699491E0
2.023063079E1,-1.904810898E0,3.040965464E-1,1.592047133E0,2.501078436E0
2.024061879E1,-1.641379800E0,7.515364151E-2,1.873371881E0,2.491846288E0
2.025060679E1,-1.182677718E0,-1.739255392E-1,1.874968756E0,2.223619687E0
2.026059479E1,-8.933510560E-1,-3.760143023E-1,1.632702239E0,1.898731015E0
2.027058279E1,-4.651931118E-1,-7.138451169E-1,9.952510679E-1,1.310154254E0
2.028057079E1,1.151592860E-1,-7.917582422E-1,-3.404073536E-2,8.008130536E-1
2.029055879E1,6.216359878E-1,-7.531145056E-1,-1.160938355E0,1.517033495E0
2.030054679E1,8.625350600E-1,-6.881299395E-1,-2.148317317E0,2.415110109E0
2.031053479E1,9.674830062E-1,-5.428314180E-1,-2.907976465E0,3.112397217E0
2.032052279E1,9.963493212E-1,-3.679596165E-1,-3.411653282E0,3.573161676E0
2.033051079E1,1.088345027E0,-3.974790655E-1,-3.812582241E0,3.984754428E0
2.034049879E1,1.172152584E0,-4.723750640E-1,-4.115743416E0,4.305394726E0
2.035048679E1,1.295699134E0,-5.558810511E-1,-4.323185086E0,4.547281526E0
2.036047479E1,1.507843427E0,-6.181800641E-1,-4.333279719E0,4.629584378E0
2.037046279E1,1.724283377E0,-6.279218177E-1,-4.234020309E0,4.614581991E0
2.038045079E1,1.946420269E0,-6.121222756E-1,-4.045386209E0,4.530827201E0
2.039043879E1,2.159225590E0,-5.303035026E-1,-3.828529353E0,4.427314531E0
2.040042679E1,2.274055988E0,-3.868885154E-1,-3.531817657E0,4.218382311E0
2.041041479E1,2.270515938E0,-2.947954170E-1,-3.290085576E0,4.008342557E0
2.042040279E1,2.103302527E0,-3.102473788E-1,-3.044038249E0,3.712991223E0
2.043039079E1,1.909343221E0,-3.530224290E-1,-2.617651098E0,3.259189108E0
2.044037879E1,1.747263227E0,-2.257591325E-1,-2.168136454E0,2.793691403E0
2.045036679E1,1.403222998E0,-1.348978233E-2,-1.751751550E0,2.244515594E0
2.046035479E1,9.466797093E-1,1.030049164E-2,-1.343107774E0,1.643242850E0
2.047034279E1,6.655911159E-1,8.616420440E-4,-9.403615004E-1,1.152081606E0
2.048033079E1,7.071532709E-1,1.022563814E-1,-3.425813484E-1,7.923913783E-1
2.049031879E1,8.929798309E-1,2.377400043E-1,2.853540641E-1,9.671402328E-1
2.050030679E1,1.044337785E0,2.046148881E-1,8.944889241E-1,1.390186713E0
2.051029479E1,9.363608354E-1,2.311165342E-1,1.355882186E0,1.663911948E0
2.052028279E1,5.503598908E-1,2.876740931E-1,1.680527201E0,1.791598188E0
2.053027079E1,1.137401485E-1,2.925229698E-1,1.953180528E0,1.978236761E0
2.054025879E1,-3.458654371E-1,2.100656077E-1,2.385239478E0,2.419321770E0
2.055024679E1,-8.461735274E-1,9.336048234E-2,2.978036048E0,3.097325382E0
2.056023479E1,-1.256636664E0,-1.089654218E-1,3.690729191E0,3.900319362E0
2.057022279E1,-1.410663434E0,-3.163464267E-1,4.401697404E0,4.633032099E0
2.058021079E1,-1.292473664E0,-5.034592279E-1,5.102009652E0,5.287197921E0
2.059019879E1,-9.647812271E-1,-6.795056619E-1,5.501162227E0,5.626305770E0
2.060018679E1,-5.120243390E-1,-7.547683174E-1,5.482281568E0,5.557630370E0
2.061017479E1,-1.477704137E-1,-7.752359111E-1,4.882077160E0,4.945452883E0
2.062016279E1,-1.470472410E-1,-6.660819165E-1,3.934294959E0,3.992989461E0
2.063015079E1,-3.493283044E-1,-4.176462219E-1,3.185936725E0,3.232128005E0
2.064013879E1,-4.986312185E-1,-1.233347350E-1,2.828053797E0,2.874323021E0
2.065012679E1,-4.222542298E-1,1.810575709E-1,2.602496869E0,2.642739191E0
2.066011479E1,-2.890280524E-1,2.905830829E-1,2.492320123E0,2.525794002E0
2.067010279E1,-9.748666143E-2,3.139275067E-1,2.497066893E0,2.518610172E0
2.068009079E1,1.431828893E-1,3.121435212E-1,2.408906084E0,2.433261893E0
2.069007879E1,1.704600224E-1,3.976551032E-1,2.023530133E0,2.069265667E0
2.070006679E1,-2.631736748E-2,4.359890105E-1,1.483418730E0,1.546386158E0
2.071005479E1,-3.115598959E-1,4.363225941E-1,9.590082711E-1,1.098700978E0
2.072004279E1,-6.128420679E-1,2.957694170E-1,5.443892258E-1,8.714439611E-1
2.073003079E1,-7.802542108E-1,1.865933492E-1,2.844167554E-1,8.511795359E-1
2.074001879E1,-7.816201204E-1,3.832075835E-1,1.936176825E-1,8.917768060E-1
2.075000679E1,-8.269766068E-1,8.084784284E-1,3.316423774E-2,1.156990728E0
2.075999479E1,-8.515110120E-1,1.033181517E0,-1.884019661E-1,1.352046727E0
2.076998279E1,-7.515412391E-1,1.376502685E0,-5.376415390E-1,1.657899967E0
2.077997079E1,-4.652413879E-1,1.887283284E0,-1.124304965E0,2.245517624E0
2.078995879E1,6.244636282E-2,1.928207801E0,-1.778103197E0,2.623649338E0
2.079994679E1,3.638353926E-1,1.843802366E0,-2.353324206E0,3.011663689E0
2.080993479E1,4.239531383E-1,1.819672222E0,-2.779361694E0,3.348999057E0
2.081992279E1,5.141925231E-1,1.596192809E0,-3.093127964E0,3.518474959E0
2.082991079E1,5.898823543E-1,1.276450101E0,-3.274964676E0,3.564081885E0
2.083989879E1,6.362021329E-1,1.101889006E0,-3.564338701E0,3.784629824E0
2.084988679E1,5.875604615E-1,1.026502170E0,-3.896141292E0,4.071713517E0
2.085987504E1,4.635318447E-1,8.606416585E-1,-4.041917056E0,4.158444339E0
2.086986304E1,3.888684192E-1,6.860209950E-1,-4.124339408E0,4.199049774E0
2.087985104E1,4.450087061E-1,5.767710330E-1,-4.134784874E0,4.198469188E0
2.088983904E1,5.927169383E-1,6.024981972E-1,-4.106622344E0,4.192691799E0
2.089982704E1,8.247917216E-1,7.825047310E-1,-4.053112720E0,4.209550778E0
2.090981504E1,1.052324790E0,8.814817198E-1,-3.759636873E0,4.002407638E0
2.091980304E1,1.195673813E0,9.355920728E-1,-3.352738491E0,3.680465159E0
2.092979104E1,1.112261747E0,1.056225906E0,-2.985189532E0,3.356202601E0
2.093977904E1,8.737362056E-1,1.098278131E0,-2.476634383E0,2.846637960E0
2.094976704E1,7.493008784E-1,1.089147703E0,-1.897339033E0,2.312485661E0
2.095975504E1,6.528455014E-1,1.120957214E0,-1.408821123E0,1.915079445E0
2.096974304E1,6.755428576E-1,1.106508379E0,-9.548351133E-1,1.610102183E0
2.097973104E1,8.471677002E-1,1.052440272E0,-6.112790340E-1,1.482897736E0
2.098971904E1,1.001900156E0,8.410678118E-1,-3.832434708E-1,1.363112081E0
2.099970704E1,9.195457050E-1,5.279396195E-1,3.388461471E-3,1.060328264E0
2.100969504E1,7.837168588E-1,4.288358192E-1,4.240628833E-1,9.889093000E-1
2.101968304E1,5.462846739E-1,6.932581669E-1,7.589194751E-1,1.164041494E0
2.102967004E1,9.860196300E-2,1.088774578E0,1.203862181E0,1.626172371E0
2.103965804E1,-2.416032963E-1,1.621522509E0,1.595341455E0,2.287536176E0
2.104964604E1,-1.854065106E-1,2.280115019E0,1.715504660E0,2.859415380E0
2.105963404E1,-1.687482318E-1,2.737870436E0,1.844731050E0,3.305668334E0
2.106962204E1,-5.969828841E-1,2.615195267E0,2.293174483E0,3.529062774E0
2.107961004E1,-1.183558455E0,2.737374592E0,2.493180833E0,3.887155894E0
2.108959804E1,-1.157938149E0,2.911886498E0,2.876868108E0,4.253971538E0
2.109958604E1,-8.138260726E-1,2.633468986E0,3.842418829E0,4.728811080E0
2.110957404E1,-6.086399663E-1,2.361914350E0,4.883507974E0,5.458729902E0
2.111956204E1,-8.975894102E-1,2.513479150E0,5.456242163E0,6.074028542E0
2.112955004E1,-1.565660988E0,2.668196184E0,5.701680209E0,6.486888500E0
2.113953804E1,-1.816846994E0,2.632222944E0,5.750436632E0,6.580049550E0
2.114952604E1,-1.422888646E0,2.513920323E0,5.870888690E0,6.543068202E0
2.115951404E1,-9.953662580E-1,2.359274186E0,6.190660050E0,6.699343291E0
2.116950204E1,-8.067147620E-1,1.971791484E0,6.331531169E0,6.680347095E0
2.117949004E1,-9.347461999E-1,1.717581591E0,5.903738347E0,6.219160993E0
2.118947804E1,-1.509758244E0,1.791525773E0,4.993967725E0,5.516216837E0
2.119946604E1,-2.136055706E0,1.856311168E0,3.696887478E0,4.655706408E0
2.120945404E1,-2.359011646E0,1.760692235E0,2.358433503E0,3.771893647E0
2.121944204E1,-2.276934134E0,1.605809433E0,1.110139500E0,2.999243687E0
2.122943004E1,-1.931744050E0,1.122523099E0,2.693911654E-1,2.250392140E0
2.123941804E1,-1.535838142E0,8.677270952E-1,-4.827069479E-1,1.828867165E0
2.124940604E1,-9.338356423E-1,8.579098394E-1,-1.047017053E0,1.644476515E0
2.125939404E1,-4.483310940E-1,7.177575620E-1,-1.204617056E0,1.472168109E0
2.126938204E1,-3.024546117E-1,6.635733148E-1,-1.180603126E0,1.387671459E0
2.127937004E1,-2.745698250E-1,6.373880213E-1,-9.999785417E-1,1.217213688E0
2.128935804E1,-1.910120170E-1,3.964920920E-1,-7.407001358E-1,8.615847381E-1
2.129934604E1,-2.397582439E-1,2.523040298E-1,-9.168942851E-1,9.807326185E-1
2.130933404E1,-2.732041712E-1,1.784445598E-1,-1.484712719E0,1.520149611E0
2.131932204E1,-2.373285796E-1,6.837138299E-2,-2.309730874E0,2.322898235E0
2.132931004E1,-2.218646128E-1,8.454816191E-2,-3.101220510E0,3.110295959E0
2.133929804E1,-1.345101346E-1,7.509683216E-2,-3.863362970E0,3.866433234E0
2.134928604E1,-3.202540113E-2,9.382860677E-2,-4.546320097E0,4.547401001E0
2.135927404E1,9.565979026E-2,1.709393114E-1,-5.044464864E0,5.048266713E0
2.136926204E1,3.537367761E-1,2.137381525E-1,-5.195068674E0,5.211482729E0
2.137925004E1,6.477321113E-1,2.271299026E-1,-5.012485857E0,5.059264704E0
2.138923804E1,7.524593250E-1,2.410172225E-1,-4.638796737E0,4.705605115E0
2.139922604E1,7.541363796E-1,2.027114915E-1,-4.318476908E0,4.388514148E0
2.140921404E1,8.812093858E-1,1.685302402E-1,-4.008440577E0,4.107618322E0
2.141920204E1,1.126457690E0,2.390263552E-1,-3.688935265E0,3.864490124E0
2.142919004E1,1.205225898E0,3.140291386E-1,-3.544928868E0,3.757353383E0
2.143917804E1,1.181539046E0,3.357491693E-1,-3.406384356E0,3.621079453E0
2.144916604E1,1.384702674E0,3.216456851E-1,-3.011212565E0,3.329903686E0
2.145915404E1,1.703521084E0,3.850353500E-1,-2.493455653E0,3.044266315E0
2.146914204E1,1.697015472E0,3.945978865E-1,-2.278179299E0,2.868042873E0
2.147913004E1,1.417023304E0,2.485920346E-1,-2.193304625E0,2.623039882E0
2.148911804E1,1.136970618E0,1.039768881E-1,-2.155813447E0,2.439476378E0
2.149910604E1,9.790295760E-1,1.541759105E-1,-1.976081148E0,2.210693517E0
2.150909404E1,1.136434794E0,1.440467971E-1,-1.722188612E0,2.068373065E0
2.151908204E1,1.575886891E0,1.573909655E-1,-1.172245116E0,1.970367992E0
2.152907004E1,1.990220008E0,1.273688022E-2,-1.619830763E-1,1.996841612E0
2.153905804E1,2.064567939E0,-1.664113920E-2,8.836201197E-1,2.245774303E0
2.154904604E1,1.840056785E0,1.617544867E-1,1.617212380E0,2.455066062E0
2.155903404E1,1.260506205E0,-8.814147692E-2,2.509917904E0,2.810041405E0
2.156902204E1,5.795518226E-1,-3.862187534E-1,3.429659198E0,3.499658191E0
2.157901004E1,1.219186856E-1,-5.193052554E-1,3.971431210E0,4.007094704E0
2.158899804E1,-8.359435312E-2,-6.965304150E-1,4.237289488E0,4.294969713E0
2.159898604E1,-1.363119724E-1,-8.238503929E-1,4.273902998E0,4.354716668E0
2.160897404E1,-3.195978440E-2,-9.014799283E-1,4.294645995E0,4.388356380E0
2.161896204E1,1.361750744E-1,-8.947102413E-1,4.390678911E0,4.482980188E0
2.162895004E1,3.753932914E-1,-7.364705524E-1,4.574292592E0,4.648382699E0
2.163893804E1,1.791779834E-1,-4.301454128E-1,4.906634881E0,4.928711362E0
2.164892604E1,-3.783554178E-1,-5.954197772E-2,5.402874041E0,5.416432956E0
2.165891404E1,-8.105700506E-1,2.866698704E-1,5.561518357E0,5.627582950E0
2.166890204E1,-9.141308910E-1,6.918875796E-1,4.907754623E0,5.039880867E0
2.167889004E1,-7.207973832E-1,5.282608509E-1,4.072468173E0,4.169365109E0
2.168887804E1,-7.925104134E-1,4.593666903E-1,3.021414202E0,3.157219393E0
2.169886604E1,-6.783626043E-1,3.252914972E-1,2.100102931E0,2.230789703E0
2.170885404E1,-4.783574966E-1,1.085366199E-1,1.364617342E0,1.450098818E0
2.171884204E1,-3.787423573E-1,2.040964228E-2,7.039538938E-1,7.996332980E-1
2.172883004E1,-2.776059186E-1,1.061366942E-1,1.904742193E-1,3.530020852E-1
2.173881804E1,-2.312939790E-1,2.678109188E-1,-2.480014658E-1,4.321160955E-1
2.174880604E1,-3.390270453E-1,4.226870334E-1,-5.212763518E-1,7.518860955E-1
2.175879404E1,-6.238860695E-1,4.999403004E-1,-7.472262132E-1,1.094313093E0
2.176878204E1,-8.089117802E-1,5.100999107E-1,-8.990398121E-1,1.312559626E0
2.177877004E1,-8.205908626E-1,5.248747649E-1,-9.995025784E-1,1.395660520E0
2.178875804E1,-7.037851285E-1,5.411625495E-1,-1.142571082E0,1.446941287E0
2.179874604E1,-5.629902055E-1,4.879460531E-1,-1.424541947E0,1.607597300E0
2.180873404E1,-4.196332520E-1,3.615886000E-1,-1.857696081E0,1.938523436E0
2.181872204E1,-3.106406406E-1,2.517516141E-1,-2.343279274E0,2.377148342E0
2.182871004E1,-1.294053509E-1,1.314518398E-1,-2.815408024E0,2.821444253E0
2.183869804E1,2.119515540E-1,1.338925773E-1,-3.196072873E0,3.205890281E0
2.184868558E1,5.851365348E-1,2.236823112E-1,-3.370048004E0,3.427775093E0
2.185867358E1,8.857308184E-1,3.262250052E-1,-3.416751469E0,3.544733056E0
2.186866158E1,1.187759241E0,4.595070966E-1,-3.485706514E0,3.711073792E0
2.187864958E1,1.384110643E0,6.504241694E-1,-3.671336900E0,3.977125659E0
2.188863758E1,1.456256660E0,7.556733933E-1,-3.964981146E0,4.291014009E0
2.189862558E1,1.470973371E0,8.985622407E-1,-3.980125435E0,4.337346566E0
2.190861358E1,1.508519950E0,8.845127703E-1,-3.928706190E0,4.300317152E0
2.191860158E1,1.678382003E0,7.515839969E-1,-3.728099331E0,4.156990411E0
2.192858958E1,1.951529859E0,5.421314697E-1,-3.470207300E0,4.018048534E0
2.193857758E1,2.094051355E0,2.535965203E-1,-3.025935854E0,3.688583748E0
2.194856558E1,1.918048702E0,9.040804043E-2,-2.708899237E0,3.320424598E0
2.195855358E1,1.510346182E0,2.689576674E-2,-2.530407132E0,2.947003431E0
2.196854158E1,1.064221900E0,1.931207422E-3,-2.227658771E0,2.468812585E0
2.197852958E1,7.969912809E-1,1.833088951E-1,-1.860901524E0,2.032671084E0
2.198851758E1,8.624394581E-1,4.273178089E-1,-1.406309744E0,1.704144778E0
2.199850558E1,1.088656610E0,6.340013140E-1,-1.000322943E0,1.608656853E0
2.200849358E1,1.189932724E0,6.862263785E-1,-7.654888219E-1,1.572520164E0
2.201848158E1,1.113742335E0,8.272864361E-1,-5.673255140E-1,1.498893950E0
2.202846958E1,9.028487615E-1,9.433587831E-1,-4.085543132E-1,1.368202582E0
2.203845758E1,5.954779570E-1,8.142540157E-1,-1.031402063E-1,1.014022436E0
2.204844558E1,2.591645497E-1,6.822806042E-1,3.293058300E-1,8.006968318E-1
2.205843358E1,6.785759546E-2,7.354583263E-1,7.317696834E-1,1.039706917E0
2.206842158E1,-2.089238475E-1,7.964412041E-1,1.103004727E0,1.376440044E0
2.207840958E1,-4.175297161E-1,7.076548158E-1,1.379805484E0,1.605917052E0
2.208839758E1,-6.220424424E-1,7.141469794E-1,1.507026864E0,1.779908053E0
2.209838558E1,-6.982673304E-1,6.847145078E-1,2.046582196E0,2.268239385E0
2.210837358E1,-5.619302515E-1,3.919751910E-1,2.771706519E0,2.855129977E0
2.211836158E1,-3.248067996E-1,-1.178829191E-1,3.487687551E0,3.504762516E0
2.212834958E1,6.866016235E-2,-3.261431076E-1,4.255117648E0,4.268150624E0
2.213833758E1,3.111441224E-1,-4.150795866E-1,4.830511735E0,4.858286257E0
2.214832558E1,-1.744130508E-1,-5.800598726E-1,4.978427580E0,5.015140131E0
2.215831358E1,-8.085112459E-1,-6.039723533E-1,4.976223180E0,5.077525989E0
2.216830158E1,-1.236225642E0,-4.815064049E-1,4.925514371E0,5.101058133E0
2.217828958E1,-1.648427741E0,-1.923561822E-1,5.444770510E0,5.692085806E0
2.218827758E1,-1.700569994E0,-5.860072218E-2,6.664221368E0,6.878024338E0
2.219826558E1,-1.346687440E0,6.308871601E-2,7.566300563E0,7.685470152E0
2.220825358E1,-9.364655006E-1,2.486238288E-1,7.520346710E0,7.582505924E0
2.221824158E1,-7.482012364E-1,3.847128030E-1,6.190722615E0,6.247627992E0
2.222822958E1,-9.796217528E-1,4.110306821E-1,4.227708825E0,4.359142910E0
2.223821758E1,-1.412367751E0,1.881157083E-1,2.347795079E0,2.746326986E0
2.224820558E1,-1.595366013E0,2.549164561E-1,6.343468845E-1,1.735675974E0
2.225819358E1,-1.502046205E0,3.097908939E-1,-6.671614587E-1,1.672488449E0
2.226818158E1,-1.389199329E0,2.549482869E-1,-1.284221050E0,1.908951835E0
2.227816958E1,-1.172439317E0,1.022818716E-1,-1.189072818E0,1.673012164E0
2.228815758E1,-8.483459142E-1,-1.561868411E-1,-8.734559047E-1,1.227603493E0
2.229814558E1,-5.529608785E-1,-2.812662026E-1,-7.962592095E-1,1.009408311E0
2.230813358E1,-2.183321637E-1,-3.931859301E-1,-9.026370192E-1,1.008472953E0
2.231812158E1,5.115568176E-2,-4.891934104E-1,-1.048712161E0,1.158328232E0
2.232810958E1,1.176323842E-1,-5.797815451E-1,-1.297802963E0,1.426280669E0
2.233809758E1,2.275214285E-1,-5.430635159E-1,-1.745596771E0,1.842224761E0
2.234808558E1,3.025319412E-1,-5.210801777E-1,-2.298678467E0,2.376336008E0
2.235807358E1,4.261662364E-1,-4.650600145E-1,-2.934136323E0,3.001175509E0
2.236806158E1,5.718615646E-1,-4.410935201E-1,-3.499702410E0,3.573444570E0
2.237804958E1,7.736774088E-1,-5.064167130E-1,-3.977654402E0,4.083720015E0
2.238803758E1,8.734778318E-1,-5.923904078E-1,-4.273955038E0,4.402338195E0
2.239802558E1,8.508733732E-1,-6.383294231E-1,-4.492067292E0,4.616288390E0
2.240801358E1,8.337415429E-1,-6.981144257E-1,-4.650119285E0,4.775573063E0
2.241800158E1,8.290294180E-1,-7.425774575E-1,-4.697074766E0,4.827133975E0
2.242798958E1,7.713212002E-1,-7.563119093E-1,-4.641633806E0,4.765680275E0
2.243797758E1,7.523647463E-1,-7.273457531E-1,-4.352245163E0,4.476284454E0
2.244796558E1,8.044862419E-1,-7.730160157E-1,-3.886814398E0,4.043770275E0
2.245795358E1,7.931957801E-1,-7.097549164E-1,-3.492232592E0,3.650835529E0
2.246794058E1,7.251750474E-1,-5.452804877E-1,-3.123958578E0,3.253048855E0
2.247792958E1,6.799969742E-1,-4.187073088E-1,-2.778193420E0,2.890686835E0
2.248791758E1,7.067568297E-1,-4.845094983E-1,-2.348026628E0,2.499496693E0
2.249790458E1,7.774962985E-1,-6.104198588E-1,-1.958117332E0,2.193475868E0
2.250789258E1,9.204742429E-1,-8.128620129E-1,-1.601469337E0,2.018098491E0
2.251788058E1,1.143332681E0,-8.564986870E-1,-1.302796485E0,1.933411054E0
2.252786858E1,1.364107318E0,-7.653896385E-1,-1.051537535E0,1.884765572E0
2.253785658E1,1.542128576E0,-5.997133145E-1,-7.238431978E-1,1.806035875E0
2.254784458E1,1.427165738E0,-6.007532053E-1,-3.004954290E-1,1.577340788E0
2.255783258E1,1.265464059E0,-7.463426989E-1,1.922131813E-1,1.481678986E0
2.256782058E1,1.222511290E0,-8.356410109E-1,7.800092125E-1,1.673691765E0
2.257780858E1,1.069737140E0,-9.951999778E-1,1.427918129E0,2.042966159E0
2.258779658E1,8.102168056E-1,-1.126486707E0,1.868285973E0,2.327212077E0
2.259778458E1,4.751242056E-1,-1.230816822E0,2.225259073E0,2.586973329E0
2.260777258E1,3.956591561E-3,-1.374620758E0,2.715293167E0,3.043421572E0
2.261776058E1,-4.866340841E-1,-1.382849106E0,3.239438163E0,3.555705836E0
2.262774858E1,-7.943337214E-1,-1.366548823E0,3.596621763E0,3.928626968E0
2.263773658E1,-7.785488704E-1,-1.368435720E0,3.744505448E0,4.062028522E0
2.264772458E1,-9.132141937E-1,-1.391442174E0,3.977902908E0,4.312050908E0
2.265771258E1,-1.095644252E0,-1.498950836E0,4.730646554E0,5.081958949E0
2.266770058E1,-1.154366158E0,-1.504613718E0,6.161466072E0,6.446711396E0
2.267768858E1,-1.274830422E0,-1.353095988E0,7.275355976E0,7.509118852E0
2.268767658E1,-1.334847413E0,-1.105868913E0,7.369579763E0,7.570698089E0
2.269766458E1,-1.296392468E0,-9.168828830E-1,6.365022267E0,6.560092690E0
2.270765258E1,-1.403672065E0,-8.225042177E-1,4.842849360E0,5.108815751E0
2.271764058E1,-1.593030343E0,-9.304343900E-1,3.208442658E0,3.701021226E0
2.272762858E1,-1.687763422E0,-1.187733660E0,1.948106899E0,2.838023450E0
2.273761658E1,-1.676387226E0,-1.533825092E0,1.107567310E0,2.527765592E0
2.274760458E1,-1.710928775E0,-1.659002723E0,4.045717746E-1,2.417280627E0
2.275759258E1,-1.836548310E0,-1.432251208E0,3.566509187E-2,2.329275685E0
2.276758058E1,-1.992082200E0,-1.196962686E0,1.294070685E-1,2.327629126E0
2.277756858E1,-1.976758548E0,-1.013006796E0,2.181081605E-1,2.231888952E0
2.278755658E1,-1.742225412E0,-8.002410172E-1,2.574207455E-1,1.934425112E0
2.279754458E1,-1.478994727E0,-6.390578400E-1,1.998724490E-1,1.623505258E0
2.280753258E1,-1.241686942E0,-5.176378853E-1,-1.112485403E-1,1.349856170E0
2.281752058E1,-9.937956959E-1,-4.674589444E-1,-5.483741033E-1,1.227543037E0
2.282750858E1,-8.360986286E-1,-5.084213213E-1,-1.095728452E0,1.469072496E0
2.283749658E1,-6.215577082E-1,-6.548698074E-1,-1.773114352E0,1.989754496E0
2.284748458E1,-3.464071085E-1,-7.442612363E-1,-2.426766404E0,2.561858281E0
2.285747321E1,-8.353743413E-2,-7.190647070E-1,-3.010476986E0,3.096288784E0
2.286746121E1,1.560330959E-1,-6.696163391E-1,-3.622375824E0,3.687050174E0
2.287744921E1,2.910610928E-1,-6.341674481E-1,-4.164736066E0,4.222784794E0
2.288743721E1,4.215707634E-1,-5.714665486E-1,-4.593315924E0,4.647886305E0
2.289742521E1,4.802986991E-1,-4.402726807E-1,-4.937414040E0,4.980219300E0
2.290741321E1,5.612332269E-1,-3.516666790E-1,-5.244640784E0,5.286294462E0
2.291740121E1,6.322127239E-1,-1.291963860E-1,-5.507795894E0,5.545466639E0
2.292738921E1,7.480739864E-1,-2.948447301E-2,-5.760773925E0,5.809216835E0
2.293737721E1,7.146006502E-1,-2.350740212E-1,-5.820091004E0,5.868506895E0
2.294736521E1,7.048920795E-1,-6.651787501E-2,-5.676181671E0,5.720169214E0
2.295735321E1,8.152217299E-1,-4.523176708E-2,-5.374978144E0,5.436637052E0
2.296734121E1,7.956338498E-1,-2.283699509E-2,-4.971904426E0,5.035214829E0
2.297732921E1,6.831739126E-1,2.107705627E-2,-4.633810231E0,4.683947918E0
2.298731721E1,6.005052468E-1,3.320842076E-2,-4.089791719E0,4.133776198E0
2.299730521E1,6.368574596E-1,7.781728579E-2,-3.465203837E0,3.524099968E0
2.300729321E1,8.065935054E-1,1.583027840E-1,-2.903443703E0,3.017555002E0
2.301728121E1,9.794448745E-1,1.528051953E-1,-2.424052711E0,2.618910697E0
2.302726921E1,1.005059553E0,7.665776465E-2,-1.982558693E0,2.224086349E0
2.303725721E1,8.505489989E-1,1.094697442E-2,-1.664244459E0,1.869027302E0
2.304724521E1,6.971399872E-1,-7.020824924E-3,-1.321246204E0,1.493902603E0
2.305723321E1,5.698479662E-1,9.468158763E-3,-7.497902173E-1,9.418076877E-1
2.306722121E1,3.572338496E-1,-4.845242260E-2,-7.891928494E-2,3.690418866E-1
2.307720921E1,1.083730989E-1,-9.793313289E-2,7.921357530E-1,8.054903341E-1
2.308719721E1,-7.463568784E-2,-7.542696230E-2,1.710456174E0,1.713744449E0
2.309718521E1,-3.092270762E-1,-6.960711893E-2,2.541846625E0,2.561532900E0
2.310717321E1,-4.907554575E-1,-1.806207839E-1,3.307431926E0,3.348517691E0
2.311716121E1,-5.802088669E-1,-3.357057537E-1,3.883260460E0,3.940691879E0
2.312714921E1,-5.507586709E-1,-3.731218674E-1,4.510062683E0,4.558861749E0
2.313713721E1,-4.296347681E-1,-2.798456032E-1,5.136213525E0,5.161742823E0
2.314712521E1,-2.570260584E-1,-2.239991206E-1,5.394261677E0,5.405025165E0
2.315711321E1,-1.113329229E-1,-2.548021431E-1,5.082218581E0,5.089819728E0
2.316710121E1,-4.014689496E-1,-4.354967846E-1,4.550200310E0,4.588589939E0
2.317708921E1,-9.863138911E-1,-6.281183573E-1,4.308991554E0,4.464835493E0
2.318707721E1,-1.392696110E0,-4.510415708E-1,4.778054025E0,4.997283383E0
2.319706521E1,-1.408418249E0,-2.085314445E-1,5.433102391E0,5.616558459E0
2.320705321E1,-1.036093577E0,-7.669182468E-2,5.735414550E0,5.828752148E0
2.321704121E1,-4.163049437E-1,-1.130609213E-1,5.419837398E0,5.436978021E0
2.322702921E1,4.669758182E-2,-2.189895186E-1,4.598584265E0,4.604032397E0
2.323701721E1,-1.070487776E-1,-4.722379834E-1,3.661069189E0,3.692952174E0
2.324700521E1,-6.040011509E-1,-5.987329192E-1,2.621638899E0,2.756136610E0
2.325699321E1,-1.098550099E0,-4.330393460E-1,1.616254022E0,2.001652432E0
2.326698121E1,-1.347257836E0,-1.409252428E-1,8.290866476E-1,1.588190250E0
2.327696921E1,-1.385849167E0,1.609203814E-1,6.240113461E-1,1.528353180E0
2.328695721E1,-1.455589639E0,2.955039169E-1,1.021613240E0,1.802708344E0
2.329694521E1,-1.522216761E0,1.834884411E-1,1.729971841E0,2.311625931E0
2.330693321E1,-1.456921634E0,4.037769187E-2,2.359781286E0,2.773593107E0
2.331692121E1,-1.057373349E0,1.646795198E-3,2.525834025E0,2.738225453E0
2.332690921E1,-8.616109807E-1,-5.001737505E-2,2.035055580E0,2.210503661E0
2.333689721E1,-7.391605639E-1,-1.846063557E-1,1.184424282E0,1.408296391E0
2.334688521E1,-5.633488226E-1,-3.042460159E-1,1.546723026E-1,6.586737093E-1
2.335687321E1,-3.169934942E-1,-4.210754311E-1,-1.062078311E0,1.185664258E0
2.336686121E1,-9.090213016E-2,-4.802209311E-1,-2.177219519E0,2.231403185E0
2.337684921E1,1.243215623E-1,-5.200922906E-1,-3.138121703E0,3.183356667E0
2.338683721E1,3.272932915E-1,-5.892217286E-1,-3.925924670E0,3.983363862E0
2.339682521E1,4.911657128E-1,-6.051525407E-1,-4.455987632E0,4.523635610E0
2.340681321E1,5.838625362E-1,-6.545611475E-1,-4.787192053E0,4.866883347E0
2.341680121E1,6.688116892E-1,-6.623161635E-1,-4.955368500E0,5.043971526E0
2.342678921E1,7.953176616E-1,-5.827623826E-1,-5.006042225E0,5.102215297E0
2.343677721E1,8.344405776E-1,-5.573269945E-1,-5.023085690E0,5.122332896E0
2.344676521E1,7.809723951E-1,-5.890146641E-1,-4.909871900E0,5.006365771E0
2.345675321E1,7.263518726E-1,-6.022951526E-1,-4.701922107E0,4.795666585E0
2.346674121E1,7.266866257E-1,-6.242475005E-1,-4.357617000E0,4.461679539E0
2.347672921E1,7.683769809E-1,-6.746334694E-1,-4.019416970E0,4.147438521E0
2.348671721E1,8.086965296E-1,-6.863792831E-1,-3.746237394E0,3.893507571E0
2.349670521E1,8.152793249E-1,-7.059314221E-1,-3.415133545E0,3.581362405E0
2.350669321E1,7.891423441E-1,-7.687442592E-1,-3.039457541E0,3.232957704E0
2.351668121E1,7.681273779E-1,-8.703675516E-1,-2.697488980E0,2.936665821E0
2.352666921E1,8.070683724E-1,-9.569792142E-1,-2.402470638E0,2.709065105E0
2.353665721E1,8.751716971E-1,-1.061139102E0,-2.171192794E0,2.570217859E0
2.354664521E1,9.135705084E-1,-1.223717279E0,-1.873488826E0,2.417034429E0
2.355663321E1,7.846207653E-1,-1.349858092E0,-1.564086333E0,2.210002867E0
2.356662121E1,5.577371766E-1,-1.334399370E0,-1.212714865E0,1.887424113E0
2.357660921E1,1.429658480E-1,-1.235543418E0,-6.730402493E-1,1.414210009E0
2.358659721E1,-2.418465770E-1,-1.194322010E0,-9.309352040E-3,1.218598168E0
2.359658521E1,-5.476817199E-1,-1.222534606E0,9.466320544E-1,1.640322644E0
2.360657321E1,-8.918696639E-1,-1.165687391E0,2.085457410E0,2.550174739E0
2.361656121E1,-1.118534786E0,-1.032691448E0,3.117527810E0,3.469373335E0
2.362654921E1,-1.148374882E0,-9.540809686E-1,3.954007092E0,4.226488785E0
2.363653721E1,-1.019763765E0,-1.036254448E0,4.585353186E0,4.810322781E0
2.364652521E1,-8.177632952E-1,-1.097623169E0,4.714422285E0,4.909102862E0
2.365651321E1,-6.882200597E-1,-1.167982715E0,4.365639380E0,4.571284028E0
2.366650121E1,-8.879309063E-1,-1.189931482E0,3.859306757E0,4.135046175E0
2.367648921E1,-1.299070200E0,-1.246120447E0,3.815280731E0,4.218621411E0
2.368647721E1,-1.533927125E0,-1.298393531E0,4.207154692E0,4.662500273E0
2.369646521E1,-1.470356782E0,-1.075803188E0,4.761702871E0,5.098344417E0
2.370645321E1,-1.349953256E0,-8.440112270E-1,4.812758419E0,5.069257573E0
2.371644121E1,-1.107507376E0,-7.402766512E-1,4.188689185E0,4.395417978E0
2.372642921E1,-8.468064885E-1,-7.669806658E-1,3.164215488E0,3.364164120E0
2.373641721E1,-7.744469024E-1,-8.018025161E-1,2.162344787E0,2.432774190E0
2.374640521E1,-7.997480969E-1,-9.274923635E-1,1.337439483E0,1.813445195E0
2.375639321E1,-9.803914656E-1,-1.057301355E0,8.676800251E-1,1.682831604E0
2.376638121E1,-1.226045201E0,-1.209195280E0,6.842470229E-1,1.852979776E0
2.377636921E1,-1.273141454E0,-1.322397813E0,7.101864409E-1,1.968245391E0
2.378635721E1,-1.291148247E0,-1.309140714E0,8.794539785E-1,2.038222879E0
2.379634521E1,-1.407687348E0,-1.192854139E0,1.319816560E0,2.268567922E0
2.380633321E1,-1.425617396E0,-1.082310554E0,1.752760195E0,2.505184503E0
2.381632121E1,-1.346080060E0,-9.048335988E-1,2.048000731E0,2.612462892E0
2.382630921E1,-1.189604769E0,-8.425393367E-1,2.108770258E0,2.563580317E0
2.383629721E1,-1.031600430E0,-7.385968193E-1,1.792372742E0,2.195979224E0
2.384628521E1,-8.832147615E-1,-6.819212198E-1,1.084622836E0,1.556114250E0
2.385627479E1,-7.948364358E-1,-7.137368703E-1,2.086982363E-1,1.088457732E0
2.386626279E1,-7.509497201E-1,-7.572153041E-1,-7.638200265E-1,1.311762757E0
2.387625079E1,-6.727652109E-1,-7.771027809E-1,-1.497731545E0,1.816508063E0
2.388623779E1,-5.851072622E-1,-7.906601351E-1,-2.095022870E0,2.314436169E0
2.389622579E1,-5.127925535E-1,-7.653680769E-1,-2.525189077E0,2.687996348E0
2.390621379E1,-4.292665397E-1,-7.073639169E-1,-2.809076659E0,2.928403174E0
2.391620179E1,-3.297872386E-1,-6.885933314E-1,-3.094982700E0,3.187763842E0
2.392618979E1,-2.724868275E-1,-7.521803398E-1,-3.395684536E0,3.488652720E0
2.393617779E1,-2.479441996E-1,-7.910372074E-1,-3.676920406E0,3.769212101E0
2.394616579E1,-2.046301091E-1,-8.155372602E-1,-3.819375536E0,3.910831624E0
2.395615379E1,-1.308657661E-1,-8.477095179E-1,-3.825438514E0,3.920423077E0
2.396614179E1,-1.077649154E-1,-7.987852067E-1,-3.774042658E0,3.859153932E0
2.397612979E1,-1.090739973E-1,-7.801813399E-1,-3.628847523E0,3.713369683E0
2.398611779E1,-1.855810134E-1,-7.465321487E-1,-3.448541027E0,3.533296729E0
2.399610579E1,-2.841044410E-1,-6.342225581E-1,-3.249775456E0,3.323250532E0
2.400609379E1,-3.672810837E-1,-6.460584920E-1,-2.952512367E0,3.044604449E0
2.401608179E1,-6.722312871E-1,-9.546815508E-1,-2.609643336E0,2.858942131E0
2.402606979E1,-7.926044074E-1,-9.564982807E-1,-2.215445107E0,2.539942465E0
2.403605779E1,-6.933529649E-1,-8.746116069E-1,-1.941592516E0,2.239523452E0
2.404604579E1,-6.098835960E-1,-8.552157348E-1,-1.770099528E0,2.058301312E0
2.405603379E1,-5.695163926E-1,-7.965872383E-1,-1.603341030E0,1.878723665E0
2.406602179E1,-5.023652139E-1,-7.726205246E-1,-1.566402415E0,1.817396437E0
2.407600979E1,-4.828093473E-1,-8.026820105E-1,-1.659795898E0,1.905866128E0
2.408599779E1,-6.567396739E-1,-1.003160596E0,-1.694544146E0,2.075841527E0
2.409598579E1,-8.158832692E-1,-1.002009426E0,-1.487314730E0,1.970226765E0
2.410597379E1,-1.013937015E0,-9.882260768E-1,-1.049379328E0,1.762343900E0
2.411596179E1,-1.137029456E0,-9.468362685E-1,-4.446959531E-1,1.545020839E0
2.412594979E1,-1.439047427E0,-1.134706138E0,2.656074321E-1,1.851745885E0
2.413593779E1,-1.590558140E0,-1.029131151E0,1.030952412E0,2.156814549E0
2.414592579E1,-1.463539951E0,-8.319080754E-1,1.504712536E0,2.257914979E0
2.415591379E1,-1.290048531E0,-7.712038174E-1,1.843226561E0,2.378332335E0
2.416590179E1,-1.076762424E0,-6.139990856E-1,2.024331787E0,2.373674657E0
2.417588979E1,-1.043072448E0,-4.718557582E-1,1.764393815E0,2.103267344E0
2.418587779E1,-1.150483972E0,-3.274441496E-1,1.644841059E0,2.033798208E0
2.419586579E1,-1.355618769E0,-2.109649643E-1,2.097168213E0,2.506057257E0
2.420585379E1,-1.606015108E0,-5.747580560E-1,2.517643245E0,3.041078568E0
2.421584179E1,-1.495617630E0,-8.341275322E-1,2.848418480E0,3.323571674E0
2.422582979E1,-1.290213861E0,-9.699005375E-1,2.855575472E0,3.280193613E0
2.423581779E1,-1.083045841E0,-1.082714962E0,2.548324170E0,2.973081913E0
2.424580579E1,-9.922318581E-1,-1.168095713E0,2.042254672E0,2.553385165E0
2.425579379E1,-1.116172657E0,-1.535865039E0,1.521194667E0,2.432849365E0
2.426578179E1,-1.312517188E0,-2.019418810E0,1.112107673E0,2.652835686E0
2.427576979E1,-1.365736791E0,-2.452422086E0,1.126250333E0,3.024574496E0
2.428575779E1,-1.532252044E0,-2.885234304E0,1.545260053E0,3.613890140E0
2.429574579E1,-1.679203537E0,-3.352017822E0,2.059405725E0,4.277487573E0
2.430573379E1,-1.168927552E0,-2.896401317E0,2.680289395E0,4.115760374E0
2.431572179E1,-7.672114116E-1,-2.451831371E0,3.431046157E0,4.286276724E0
2.432570979E1,-8.580109231E-1,-2.680636720E0,4.188600308E0,5.046421356E0
2.433569779E1,-1.109122961E0,-2.668980588E0,4.888392738E0,5.678907878E0
2.434568579E1,-1.244680862E0,-2.604831955E0,5.377402400E0,6.103346339E0
2.435567379E1,-1.176631844E0,-2.480721002E0,4.596041896E0,5.353694079E0
2.436566179E1,-1.008680807E0,-2.566629463E0,3.079253106E0,4.133621107E0
2.437564979E1,-5.887228149E-1,-3.043823072E0,2.001117171E0,3.689976067E0
2.438563779E1,-2.897738282E-1,-3.511587168E0,9.193319893E-1,3.641481102E0
2.439562579E1,-3.621658663E-1,-3.704196790E0,6.529585719E-3,3.721865206E0
2.440561379E1,-6.479763056E-1,-3.723768006E0,-5.362475628E-1,3.817575527E0
2.441560179E1,-1.045161147E0,-3.834129231E0,-9.163598496E-1,4.078311434E0
2.442558979E1,-1.337091282E0,-3.867844569E0,-6.941598076E-1,4.150890572E0
2.443557779E1,-1.392051601E0,-3.586229507E0,-6.148920286E-1,3.895759482E0
2.444556579E1,-1.150347878E0,-3.274059235E0,-1.088096082E0,3.636855399E0
2.445555379E1,-9.236878726E-1,-2.864358575E0,-1.695997179E0,3.454584745E0
2.446554179E1,-8.962265705E-1,-2.506919451E0,-2.045716224E0,3.357502356E0
2.447552979E1,-1.160081154E0,-2.363831652E0,-2.274054088E0,3.479196798E0
2.448551779E1,-1.363989643E0,-2.393314483E0,-2.417314380E0,3.664946217E0
2.449550579E1,-1.367525308E0,-2.375453871E0,-2.398593349E0,3.642273550E0
2.450549379E1,-1.343651711E0,-2.638278905E0,-2.485656636E0,3.865799324E0
2.451548179E1,-1.440906841E0,-2.840365402E0,-2.559436803E0,4.085903192E0
2.452546979E1,-1.632314715E0,-2.775710692E0,-2.509385807E0,4.082405946E0
2.453545779E1,-1.727244115E0,-2.635850264E0,-2.356221501E0,3.934826376E0
2.454544579E1,-1.634162289E0,-2.517797027E0,-2.348856348E0,3.811418948E0
2.455543379E1,-1.429995937E0,-2.373116738E0,-2.308484248E0,3.606337610E0
2.456542179E1,-1.240237855E0,-2.288865670E0,-2.323853070E0,3.489611595E0
2.457540979E1,-1.203411653E0,-2.286037079E0,-2.419602395E0,3.539582021E0
2.458539779E1,-1.300826266E0,-2.294476073E0,-2.464883818E0,3.610044551E0
2.459538579E1,-1.380954755E0,-2.170752937E0,-2.415788257E0,3.529197819E0
2.460537379E1,-1.433042190E0,-2.235635981E0,-2.456801212E0,3.617671952E0
2.461536179E1,-1.554415915E0,-2.307055919E0,-2.169050959E0,3.527534254E0
2.462534979E1,-1.682802352E0,-2.147653512E0,-1.712590992E0,3.221367298E0
2.463533779E1,-1.719232991E0,-2.156798557E0,-1.477671502E0,3.129066180E0
2.464532579E1,-1.861650845E0,-1.999717201E0,-8.731465870E-1,2.868274345E0
2.465531379E1,-1.863223454E0,-2.222089298E0,-6.568820536E-1,2.973344332E0
2.466530179E1,-1.786329206E0,-2.451435222E0,-6.234207773E-1,3.096636909E0
2.467528979E1,-1.681609228E0,-2.412301854E0,-3.931375444E-1,2.966743494E0
2.468527779E1,-1.617437498E0,-2.316841089E0,-2.290658426E-1,2.834841768E0
2.469526579E1,-1.527433208E0,-2.203595870E0,1.159140337E-1,2.683714409E0
2.470525379E1,-1.322994814E0,-2.168310847E0,6.082846749E-1,2.611876233E0
2.471524179E1,-1.276791432E0,-2.249363343E0,1.049051884E0,2.791118353E0
2.472522979E1,-1.280793997E0,-2.531856072E0,1.104739012E0,3.044860705E0
2.473521779E1,-1.353628962E0,-2.872976201E0,9.575353575E-1,3.317103794E0
2.474520579E1,-1.420263831E0,-3.199161957E0,6.581789660E-1,3.561598816E0
2.475519379E1,-1.382023041E0,-3.527600937E0,4.010078967E-1,3.809824588E0
2.476518179E1,-1.227515191E0,-3.666662636E0,3.377205580E-1,3.881399697E0
2.477516979E1,-1.011734442E0,-3.874935780E0,2.222608531E-1,4.011001591E0
2.478515779E1,-9.896099666E-1,-4.088959075E0,7.481161594E-2,4.207672870E0
2.479514579E1,-1.171232452E0,-4.228239460E0,3.170945048E-3,4.387459907E0
2.480513379E1,-1.300207045E0,-4.458852183E0,-2.901289004E-1,4.653608915E0
2.481512179E1,-1.628159537E0,-4.443104170E0,2.412093401E-1,4.738170542E0
2.482510979E1,-1.472017683E0,-4.431371147E0,1.706737930E0,4.971603429E0
2.483509779E1,-8.616169010E-1,-4.350346279E0,2.638988757E0,5.160635435E0
2.484508579E1,-5.416050741E-1,-4.127700095E0,3.236836152E0,5.273362533E0
2.485507333E1,-4.511075713E-1,-3.923286406E0,3.133163264E0,5.041069956E0
2.486506133E1,-6.977557721E-1,-3.955491115E0,2.627440506E0,4.799605890E0
2.487504933E1,-9.121440802E-1,-3.964354325E0,1.647934236E0,4.389054486E0
2.488503733E1,-7.770173384E-1,-4.126365468E0,4.653249300E-1,4.224591721E0
2.489502533E1,-8.391432738E-1,-4.166314815E0,-7.052385271E-2,4.250566337E0
2.490501333E1,-6.079655265E-1,-4.342032416E0,-5.370305049E-1,4.417156251E0
2.491500133E1,1.852265808E-1,-4.199793048E0,-4.181349760E-1,4.224619201E0
2.492498933E1,8.733274852E-1,-3.792316961E0,-2.422559917E-2,3.891652054E0
2.493497733E1,1.183078180E0,-3.801056795E0,-1.315974355E-1,3.983092344E0
2.494496533E1,1.185164978E0,-3.686522411E0,-3.209665310E-1,3.885625179E0
2.495495333E1,1.113975566E0,-3.397328481E0,-5.293636358E-1,3.614278383E0
2.496494133E1,1.132597851E0,-3.141026308E0,-7.421098995E-1,3.420460680E0
2.497492933E1,1.172213395E0,-3.032734997E0,-9.080187964E-1,3.375805672E0
2.498491733E1,1.210731124E0,-2.971604111E0,-1.064863924E0,3.380863207E0
2.499490533E1,1.297266481E0,-2.924614132E0,-1.165403874E0,3.405060107E0
2.500489333E1,1.355528722E0,-2.815275292E0,-1.248244302E0,3.364720928E0
2.501488133E1,1.348886139E0,-2.484004213E0,-1.289230945E0,3.106748650E0
2.502486933E1,1.315004886E0,-2.226261871E0,-1.210413986E0,2.854922378E0
2.503485733E1,1.079851508E0,-2.170084308E0,-8.319623083E-1,2.562714667E0
2.504484533E1,9.357405920E-1,-2.184090728E0,-5.384759367E-1,2.436353648E0
2.505483333E1,8.100432895E-1,-1.844323791E0,-6.127168643E-1,2.105498120E0
2.506482133E1,7.012155696E-1,-1.282258140E0,-7.705022246E-1,1.652138883E0
2.507480933E1,5.571114515E-1,-5.749469941E-1,-1.127684070E0,1.382970925E0
2.508479733E1,2.023306185E-1,6.741700776E-2,-1.234589299E0,1.252874084E0
2.509478533E1,-1.280898370E-1,5.812699538E-1,-9.133537960E-1,1.090182059E0
2.510477333E1,-2.004671109E-1,1.343177795E0,-7.112939036E-1,1.533053381E0
2.511476133E1,1.529526365E-1,2.305974038E0,-6.904210979E-1,2.411968504E0
2.512474933E1,4.750441718E-1,3.039936135E0,-8.707194078E-1,3.197660232E0
2.513473733E1,8.865831962E-1,3.336943408E0,-1.189023702E0,3.651711713E0
2.514472533E1,1.726879249E0,3.562668444E0,-1.724929202E0,4.318576054E0
2.515471333E1,3.189209411E0,3.428487416E0,-1.694763417E0,4.979739518E0
2.516470133E1,4.591732790E0,3.179462687E0,-1.352045828E-1,5.586705046E0
2.517468933E1,4.666820102E0,2.562281182E0,2.577281336E0,5.914970313E0
2.518467733E1,3.569123185E0,1.809795983E0,3.637213719E0,5.407709815E0
2.519466533E1,2.264409837E0,1.497232485E0,3.465244183E0,4.401951189E0
2.520465333E1,2.033238558E0,1.138050599E0,3.047562951E0,3.836255745E0
2.521464133E1,2.144881347E0,1.118722628E0,2.179207572E0,3.255917989E0
2.522462933E1,1.932388121E0,1.622559805E0,1.580876613E0,2.977582079E0
2.523461733E1,1.511115237E0,2.040439989E0,1.121183136E0,2.775592951E0
2.524460533E1,1.067163488E0,2.271527214E0,4.760066235E-1,2.554458083E0
2.525459333E1,7.446591394E-1,2.561288032E0,-2.076363820E-1,2.675411461E0
2.526458133E1,5.060765147E-1,2.876269938E0,-1.897900951E-1,2.926612799E0
2.527456833E1,4.572967029E-1,3.158833126E0,7.218083668E-1,3.272362191E0
2.528455633E1,3.344557652E-1,3.372478984E0,1.693312722E0,3.788506715E0
2.529454433E1,2.564004064E-2,3.493136571E0,2.316310746E0,4.191414557E0
2.530453233E1,-5.875638968E-1,3.625916021E0,3.269148450E0,4.917299047E0
2.531452033E1,-1.308570026E0,3.328589198E0,4.274756691E0,5.573634930E0
2.532450833E1,-2.152460361E0,2.654754605E0,4.594287731E0,5.726105777E0
2.533449633E1,-1.800133166E0,8.921142237E-1,5.041180483E0,5.426771404E0
2.534448433E1,-5.520900089E-1,-3.168815931E-1,3.552051362E0,3.608640492E0
2.535447233E1,6.037333484E-1,-6.264457612E-1,2.864983642E0,2.994170923E0
2.536446033E1,1.365637096E0,-9.076149000E-1,1.844194275E0,2.467748368E0
2.537444833E1,1.739541102E0,-1.257992341E0,4.987920535E-1,2.203937723E0
2.538443633E1,2.505947936E0,-1.470146574E0,-6.766520745E-1,2.983113146E0
2.539442433E1,3.548233130E0,-1.734780006E0,-9.467320418E-1,4.061492530E0
2.540441233E1,4.587034845E0,-2.159726989E0,-7.051268452E-1,5.118839048E0
2.541440033E1,4.709506823E0,-2.550182123E0,-4.476335943E-2,5.355827400E0
2.542438833E1,3.266970655E0,-3.395379604E0,4.167006540E-1,4.730257852E0
2.543437633E1,3.231030159E0,-4.291943120E0,6.430609900E-1,5.410532236E0
2.544436433E1,3.877179941E0,-4.649909955E0,9.144805545E-1,6.122945498E0
2.545435233E1,3.908598785E0,-5.163099023E0,7.167967182E-1,6.515253910E0
2.546434033E1,3.839755422E0,-5.281653659E0,-5.929602921E-2,6.530168688E0
2.547432833E1,3.717422900E0,-5.073444250E0,-8.858730519E-1,6.351680143E0
2.548431633E1,3.555269377E0,-4.975891058E0,-1.572274774E0,6.314386758E0
2.549430433E1,3.387557491E0,-5.114919135E0,-2.145951533E0,6.499465478E0
2.550429233E1,3.310428916E0,-5.261546254E0,-2.327101198E0,6.637635767E0
2.551428033E1,3.435004138E0,-5.151643742E0,-1.719310028E0,6.426096299E0
2.552426833E1,3.887513140E0,-4.939646507E0,-9.985635155E-1,6.364746273E0
2.553425633E1,4.408639219E0,-4.722766262E0,-8.523983270E-1,6.516686569E0
2.554424433E1,4.639450455E0,-4.593977244E0,-1.603109481E0,6.723026659E0
2.555423233E1,4.353081607E0,-4.461266791E0,-2.614771929E0,6.759382597E0
2.556422033E1,3.622136673E0,-4.215978433E0,-3.207525814E0,6.417364730E0
2.557420833E1,2.818063830E0,-4.046807375E0,-3.027034546E0,5.786283075E0
2.558419633E1,2.136140052E0,-3.964051439E0,-2.158582104E0,4.993623417E0
2.559418433E1,1.670840119E0,-3.944500397E0,-8.405091834E-1,4.365460545E0
2.560417233E1,1.530265453E0,-3.759453270E0,6.619603604E-1,4.112589545E0
2.561416033E1,1.355790824E0,-3.665972080E0,2.170786997E0,4.470999467E0
2.562414833E1,1.191915734E0,-3.859923930E0,3.517821761E0,5.356747690E0
2.563413633E1,8.428562558E-1,-3.930049588E0,5.333222008E0,6.678244785E0
2.564412433E1,8.701374637E-1,-3.330766994E0,8.212476949E0,8.904825973E0
2.565411233E1,9.911233722E-1,-2.207199071E0,9.850879054E0,1.014366164E1
2.566410033E1,3.569014719E-1,-1.326009931E0,1.020642836E1,1.029839118E1
2.567408833E1,-5.171762842E-1,-8.091219145E-1,9.261121867E0,9.310774823E0
2.568407633E1,-1.226740581E0,-3.143004128E-1,7.948557608E0,8.048803964E0
2.569406433E1,-1.506757161E0,1.249699089E-1,6.278288178E0,6.457773383E0
2.570405233E1,-1.511619413E0,5.951006654E-1,4.642915515E0,4.918922904E0
2.571404033E1,-1.277964091E0,1.090698239E0,3.372091606E0,3.767468203E0
2.572402833E1,-8.523970114E-1,1.668801487E0,2.674077314E0,3.265297620E0
2.573401633E1,-3.712242267E-1,2.559682387E0,2.324519652E0,3.477523970E0
2.574400433E1,2.403575470E-1,3.845951716E0,2.525933427E0,4.607543384E0
2.575399233E1,5.581562027E-1,4.801544044E0,2.014327785E0,5.236781452E0
2.576398033E1,6.930523449E-1,5.542010876E0,1.382615072E0,5.753766639E0
2.577396833E1,7.400630817E-1,6.240379509E0,7.957937711E-1,6.334296923E0
2.578395633E1,5.854635769E-1,6.390027300E0,-1.667064571E-1,6.418956888E0
2.579394433E1,6.467619851E-1,6.900437186E0,-1.643766925E0,7.122942098E0
2.580393233E1,1.684276435E0,7.793960150E0,-2.669107765E0,8.408729880E0
2.581392033E1,2.223519527E0,7.578210171E0,-2.589005004E0,8.311212631E0
2.582390833E1,2.196206013E0,6.822588526E0,-2.631117820E0,7.635038705E0
2.583389633E1,2.331744179E0,6.729219017E0,-2.416995122E0,7.520723696E0
2.584388433E1,2.474092013E0,6.723166564E0,-1.680043051E0,7.358304465E0
2.585387233E1,2.854644303E0,6.618583850E0,-1.023566794E0,7.280270273E0
2.586385854E1,3.483427854E0,6.635263617E0,-1.007398658E0,7.561471083E0
2.587384654E1,3.892190621E0,6.849207391E0,-1.709249893E0,8.061161511E0
2.588383454E1,3.786206329E0,7.104090444E0,-2.135819478E0,8.328576364E0
2.589382254E1,2.623512347E0,7.327400288E0,-2.330376808E0,8.124301083E0
2.590381054E1,1.182419564E0,7.464726825E0,-1.390963141E0,7.684727781E0
2.591379854E1,-1.059705511E-1,7.803737279E0,-1.589173812E-1,7.806074559E0
2.592378654E1,-1.352623533E0,8.057023458E0,1.000184948E0,8.230770764E0
2.593377454E1,-2.139573683E0,7.947459501E0,2.156257251E0,8.508192134E0
2.594376254E1,-2.533034286E0,7.818751760E0,3.388592448E0,8.889977534E0
2.595375054E1,-2.949377090E0,7.504366270E0,4.105661647E0,9.048248222E0
2.596373854E1,-3.535582679E0,6.723853612E0,4.463158658E0,8.810807992E0
2.597372654E1,-3.954813131E0,5.604155084E0,5.392429744E0,8.724987086E0
2.598371454E1,-3.920788768E0,4.577450089E0,5.825632995E0,8.382340584E0
2.599370254E1,-3.573467374E0,3.793649249E0,4.979768347E0,7.208296365E0
2.600369054E1,-3.046354916E0,3.087726598E0,3.745823411E0,5.731101713E0
2.601367854E1,-2.566339734E0,2.228036062E0,2.698639128E0,4.339688637E0
2.602366654E1,-2.028459921E0,1.038888180E0,1.993685945E0,3.027989754E0
2.603365454E1,-1.764077773E0,-3.589949213E-1,1.724784776E0,2.493136632E0
2.604364254E1,-1.661461477E0,-1.336057202E0,1.439360545E0,2.572403908E0
2.605363054E1,-1.529972215E0,-2.060446237E0,1.263838241E0,2.860688864E0
2.606361854E1,-1.543406193E0,-2.883223739E0,1.030958844E0,3.428987889E0
2.607360654E1,-1.093818678E0,-3.478451289E0,7.663337445E-1,3.726034095E0
2.608359454E1,-2.514926190E-1,-3.682079697E0,4.580287743E-1,3.718971604E0
2.609358254E1,7.977270068E-1,-3.903448557E0,2.078117985E-1,3.989544430E0
2.610357054E1,1.924248943E0,-3.940718125E0,-1.191791189E-1,4.387048780E0
2.611355854E1,2.665200655E0,-4.197284885E0,-5.764448315E-1,5.005275575E0
2.612354654E1,3.279050710E0,-5.162556401E0,-6.590192109E-1,6.151298113E0
2.613353454E1,3.355965277E0,-6.703788891E0,4.324179697E-1,7.509345760E0
2.614352254E1,3.057610222E0,-7.971154758E0,2.479158626E0,8.890135878E0
2.615351054E1,3.149140489E0,-9.008262534E0,3.480396658E0,1.015770843E1
2.616349854E1,3.455683985E0,-1.012312074E1,3.119238705E0,1.114221591E1
2.617348654E1,4.851633047E0,-1.020921163E1,2.887468525E0,1.166635418E1
2.618347454E1,6.661225839E0,-9.409876202E0,2.158021941E0,1.172922668E1
2.619346254E1,7.002561146E0,-8.030872371E0,2.357548234E0,1.091278183E1
2.620345054E1,5.683503554E0,-7.974887620E0,-2.808771434E0,1.018774961E1
2.621343854E1,4.214123989E0,-8.064865159E0,-4.754645866E0,1.026681783E1
2.622342654E1,2.378785906E0,-7.343353831E0,-3.360339872E0,8.418750022E0
2.623341454E1,4.907861920E-1,-6.096983562E0,-2.306818376E0,6.537238764E0
2.624340254E1,-6.164602518E-1,-5.551436003E0,-2.874025192E0,6.281598979E0
2.625339054E1,-1.198543700E0,-5.384788603E0,-2.273302721E0,5.966603771E0
2.626337854E1,-2.117643993E0,-5.412412603E0,-8.432076734E-1,5.872786856E0
2.627336654E1,-3.374640992E0,-5.681393879E0,1.605214478E0,6.800231743E0
2.628335454E1,-4.082984098E0,-5.477188643E0,4.779523430E0,8.337517544E0
2.629334254E1,-3.767908929E0,-4.417815547E0,6.500071313E0,8.715799389E0
2.630333054E1,-3.003926350E0,-2.816616059E0,5.815872238E0,7.126097770E0
2.631331854E1,-2.613854501E0,-1.405437485E0,3.646374552E0,4.701439912E0
2.632330654E1,-3.081574158E0,-3.962024356E-1,1.991739407E0,3.690542172E0
2.633329454E1,-3.788538198E0,4.819763383E-1,1.929948370E0,4.279021335E0
2.634328254E1,-4.328548152E0,7.561777157E-1,-2.065008527E-1,4.398951744E0
2.635327054E1,-4.599184774E0,1.188816929E0,-2.091625053E0,5.190441372E0
2.636325854E1,-4.467076000E0,1.112343827E0,-2.449182875E0,5.214458124E0
2.637324654E1,-4.059770359E0,5.369582187E-1,-3.054945061E0,5.109084930E0
2.638323454E1,-3.768165037E0,-1.537288544E-1,-2.756255252E0,4.671150107E0
2.639322254E1,-3.192615414E0,-1.747894653E-1,-2.384041969E0,3.988358139E0
2.640321054E1,-2.824728486E0,7.792362837E-1,-2.243862575E0,3.690693628E0
2.641319854E1,-2.827143386E0,1.949902871E0,-2.133625603E0,4.043169443E0
2.642318654E1,-2.871572285E0,2.893443210E0,-2.165396449E0,4.615937909E0
2.643317454E1,-2.980964626E0,3.320113367E0,-2.142159614E0,4.949560656E0
2.644316254E1,-1.934049900E0,2.751055615E0,-3.185473625E0,4.632072779E0
2.645315054E1,-7.821894930E-1,2.211197104E0,-4.209084274E0,4.818464845E0
2.646313854E1,-5.214938682E-1,1.952310901E0,-4.096014910E0,4.567363775E0
2.647312654E1,-2.078852541E-1,1.842137809E0,-3.523226343E0,3.981182218E0
2.648311454E1,5.612559579E-1,1.920988243E0,-3.100660347E0,3.690433398E0
2.649310254E1,1.617433405E0,1.790132527E0,-3.711717187E0,4.426907471E0
2.650309054E1,2.548089112E0,1.685987769E0,-5.380347642E0,6.187362413E0
2.651307854E1,2.848617870E0,1.631701488E0,-7.360627676E0,8.059523143E0
2.652306654E1,2.479117987E0,1.985405703E0,-8.422258675E0,9.001238969E0
2.653305454E1,1.800308729E0,2.118882141E0,-8.186307151E0,8.645599910E0
2.654304254E1,1.787044320E0,1.783559234E0,-9.259273562E0,9.597330766E0
2.655303054E1,1.693350729E0,1.511851986E0,-7.929928379E0,8.248448170E0
2.656301854E1,1.326940223E0,1.319560452E0,-5.514956394E0,5.823809249E0
2.657300654E1,9.508842959E-1,1.148730100E0,-4.667201341E0,4.899645920E0
2.658299454E1,4.557074296E-1,1.518726850E0,-4.732341662E0,4.990917562E0
2.659298254E1,1.580734087E-1,2.138498672E0,-3.870104225E0,4.424462734E0
2.660297054E1,-1.358542085E-2,2.577375769E0,-2.071755044E0,3.306844324E0
2.661295854E1,-2.012173086E-4,2.572124384E0,3.391648203E-1,2.594389459E0
2.662294654E1,3.905945538E-1,2.209796404E0,3.167197568E0,3.881611094E0
2.663293454E1,1.087661926E0,1.600399004E0,6.045664304E0,6.347782473E0
2.664292254E1,1.763524919E0,4.876468950E-1,7.925119044E0,8.133592779E0
2.665291054E1,1.532952979E0,-5.178131922E-1,7.483046737E0,7.655982223E0
2.666289854E1,4.622793711E-1,-9.322117243E-1,5.936723660E0,6.027222307E0
2.667288654E1,-8.881236452E-1,-1.190631247E0,4.396649503E0,4.640785842E0
2.668287454E1,-1.652632181E0,-1.481273387E0,5.449265265E0,5.883864028E0
2.669286254E1,-1.276917732E0,-1.250288196E0,6.129309894E0,6.384526548E0
2.670285054E1,-7.424996164E-1,-1.038219698E0,5.551724271E0,5.696564596E0
2.671283854E1,-2.310031165E-1,-1.662658841E0,4.765717569E0,5.052708265E0
2.672282654E1,1.743765423E-1,-2.752245231E0,3.839378861E0,4.727165221E0
2.673281454E1,4.413963328E-1,-3.698709471E0,3.285454581E0,4.966839465E0
2.674280254E1,3.358953497E-1,-4.174800294E0,2.388523859E0,4.821496594E0
2.675279054E1,4.734498736E-2,-4.408533677E0,1.261392351E0,4.585686578E0
2.676277854E1,2.092169392E-1,-4.214502596E0,1.426106662E-1,4.222101569E0
2.677276654E1,5.049539955E-1,-4.102823116E0,-5.089439893E-1,4.164992202E0
2.678275454E1,6.960974286E-1,-4.087831147E0,-6.870642114E-1,4.203209768E0
2.679274254E1,8.817640673E-1,-4.175919451E0,-8.632577759E-1,4.354425923E0
2.680273054E1,1.221367575E0,-4.229806221E0,-8.037214261E-1,4.475373454E0
2.681271854E1,1.825809606E0,-3.975828316E0,-8.423832160E-1,4.455378884E0
2.682270654E1,2.592525904E0,-3.365716679E0,-8.421376330E-1,4.331100913E0
2.683269454E1,3.578491886E0,-2.413343974E0,-4.401614374E-1,4.338614457E0
2.684268254E1,4.073223926E0,-1.951320382E0,-1.036518377E0,4.633915701E0
2.685267054E1,3.789674605E0,-2.416344034E0,-3.201275725E0,5.518017612E0
2.686265979E1,3.309946521E0,-3.099373082E0,-4.413594149E0,6.327848986E0
2.687264779E1,2.963191137E0,-3.847713190E0,-3.961227234E0,6.267114145E0
2.688263579E1,1.882678310E0,-4.868394091E0,-2.312163316E0,5.708926155E0
2.689262379E1,3.900579621E-1,-5.716250301E0,-1.072350115E-1,5.730546402E0
2.690261179E1,-1.927785339E-1,-6.070003340E0,2.270558038E0,6.483636164E0
2.691259979E1,2.614738161E-1,-6.113823543E0,4.833632394E0,7.798154204E0
2.692258779E1,7.176062652E-1,-5.687629350E0,6.139978724E0,8.400203872E0
2.693257579E1,4.919191631E-1,-5.130915948E0,6.237253588E0,8.091453222E0
2.694256379E1,-9.545959622E-2,-4.941905286E0,5.537227854E0,7.422427682E0
2.695255179E1,-3.721826584E-1,-4.197269974E0,2.748207729E0,5.030729658E0
2.696253979E1,-9.368072703E-1,-3.436049035E0,9.724825948E-1,3.691850922E0
2.697252779E1,-1.778817434E0,-3.294784983E0,1.073913075E0,3.895264925E0
2.698251579E1,-2.278022009E0,-3.488050663E0,2.829233766E-1,4.175634962E0
2.699250379E1,-2.796400773E0,-4.011669994E0,1.224330944E-1,4.891660586E0
2.700249179E1,-3.136423087E0,-4.345886608E0,6.863414955E-1,5.403234665E0
2.701247979E1,-2.582266088E0,-4.233035054E0,9.052337676E-1,5.040449592E0
2.702246779E1,-1.901463367E0,-3.555784809E0,6.128431642E-1,4.078571476E0
2.703245579E1,-1.643680094E0,-2.750358920E0,-8.656042635E-2,3.205253679E0
2.704244379E1,-2.093461955E0,-2.229118236E0,-5.594300187E-1,3.108779988E0
2.705243179E1,-2.683520274E0,-1.955567946E0,-5.782299864E-1,3.370441658E0
2.706241979E1,-2.751200626E0,-1.819903187E0,-7.833152282E-1,3.390388657E0
2.707240779E1,-2.954252206E0,-1.741228023E0,-1.196245598E0,3.631870683E0
2.708239579E1,-3.376098995E0,-1.759394445E0,-1.327167095E0,4.031734830E0
2.709238379E1,-3.490253601E0,-1.517724052E0,-1.271451901E0,4.012723070E0
2.710237179E1,-3.124527219E0,-7.652076439E-1,-1.345877600E0,3.487061743E0
2.711235979E1,-2.399790567E0,4.614273222E-1,-1.350078240E0,2.791884882E0
2.712234779E1,-1.371291061E0,1.956632431E0,-1.256636226E0,2.699626687E0
2.713233579E1,-4.205905142E-1,3.089748858E0,-1.493753099E0,3.457563117E0
2.714232379E1,6.019447217E-1,3.399892485E0,-2.133289973E0,4.058636774E0
2.715231179E1,1.192264959E0,3.388414108E0,-2.981415739E0,4.668156565E0
2.716229879E1,6.999352486E-1,3.246425293E0,-3.448604761E0,4.787698961E0
2.717228679E1,-5.769585459E-1,3.226430739E0,-3.173485079E0,4.562208240E0
2.718227579E1,-1.503882085E0,3.185576536E0,-2.377693062E0,4.250056881E0
2.719226379E1,-1.571084427E0,3.260156895E0,-8.211291718E-1,3.710954375E0
2.720225179E1,-1.275913619E0,3.752460293E0,1.962356563E0,4.422641416E0
2.721223879E1,2.220098705E-2,4.451290564E0,4.459061514E0,6.300611887E0
2.722222679E1,1.638059897E0,4.564686202E0,5.827877741E0,7.581804489E0
2.723221479E1,2.495388157E0,3.770035269E0,5.915436287E0,7.445301502E0
2.724220279E1,2.446437168E0,2.439937403E0,4.877488850E0,5.977311004E0
2.725219079E1,1.452612967E0,1.002024921E0,4.183124975E0,4.540118163E0
2.726217879E1,1.804001977E-1,2.803834923E-1,3.992290567E0,4.006188102E0
2.727216679E1,-8.160685529E-1,6.610859093E-1,3.509566078E0,3.663339530E0
2.728215479E1,-1.306691608E0,1.101674778E0,1.934042006E0,2.581017000E0
2.729214279E1,-1.437150882E0,1.161705218E0,3.684260416E-1,1.884329966E0
2.730213079E1,-1.339914317E0,1.122378161E0,-3.566170049E-1,1.783894280E0
2.731211879E1,-1.432281467E0,9.300015499E-1,-6.540677887E-1,1.828698378E0
2.732210679E1,-2.277827442E0,4.301283462E-1,-3.724185205E-1,2.347808298E0
2.733209479E1,-3.079118912E0,-2.862068805E-1,5.149853325E-1,3.134979672E0
2.734208279E1,-3.170973700E0,-5.147941285E-1,1.462252979E0,3.529627597E0
2.735207079E1,-2.767381334E0,7.136058927E-2,1.902508557E0,3.359022267E0
2.736205879E1,-2.587649619E0,7.033630326E-1,1.933961315E0,3.306184579E0
2.737204679E1,-2.581224991E0,9.692122471E-1,8.695499647E-1,2.891057242E0
2.738203479E1,-2.255323702E0,1.039075511E0,-5.692357993E-1,2.547585585E0
2.739202279E1,-1.688453686E0,9.666701701E-1,-1.258433075E0,2.317106142E0
2.740201079E1,-9.329706929E-1,1.033203444E0,-1.370047066E0,1.953195493E0
2.741199879E1,-3.226292234E-1,9.963686170E-1,-1.946411791E0,2.210284800E0
2.742198679E1,2.182348258E-1,1.095387706E0,-2.753479578E0,2.971388641E0
2.743197479E1,5.687069917E-1,1.082398409E0,-2.990812215E0,3.231094499E0
2.744196279E1,5.931717420E-1,6.385945943E-1,-2.580932338E0,2.724126925E0
2.745195079E1,8.291688010E-1,1.877141874E-1,-9.277648437E-1,1.258373999E0
2.746193879E1,1.634826533E0,-1.357752418E0,-4.818863497E0,5.266649297E0
2.747192679E1,2.392259792E0,-3.061555046E0,-6.302626044E0,7.403993602E0
2.748191479E1,2.469368048E0,-3.556284746E0,-4.552914003E0,6.282831023E0
2.749190279E1,1.049143173E0,-3.641104749E0,-3.282909873E0,5.013565839E0
2.750189079E1,-2.715764891E-1,-3.961102104E0,-2.215739222E0,4.546821303E0
2.751187879E1,-8.639934287E-1,-3.853517429E0,-1.312164309E0,4.161472863E0
2.752186679E1,-6.745016147E-1,-3.645473203E0,-2.313059109E-1,3.714556465E0
2.753185479E1,-3.099532273E-1,-3.871102345E0,-2.376758677E-1,3.890757534E0
2.754184279E1,4.197872895E-1,-4.080431496E0,-1.231040039E0,4.282709673E0
2.755183079E1,1.580257977E0,-4.170279812E0,-2.091083016E0,4.925553488E0
2.756181879E1,2.119280336E0,-3.652419403E0,-2.320316674E0,4.818234750E0
2.757180679E1,1.410400163E0,-2.161177683E0,-1.404246846E0,2.937997073E0
2.758179479E1,-7.025637183E-1,-5.994428077E-1,-5.493558508E-1,1.074578666E0
2.759178279E1,-2.993225945E0,3.205578107E-1,2.939442086E-1,3.024659000E0
2.760177079E1,-3.796241612E0,1.223642434E0,5.854746866E-1,4.031318866E0
2.761175879E1,-2.929709103E0,1.834439950E0,6.992983407E-1,3.526667482E0
2.762174679E1,-1.907538916E0,2.005284482E0,1.373876408E0,3.089887855E0
2.763173479E1,-9.942526558E-1,1.978745139E0,1.714495431E0,2.800618726E0
2.764172279E1,1.623542283E-1,2.185396850E0,1.832769985E0,2.856810128E0
2.765171079E1,6.388240975E-1,2.479492209E0,2.179624479E0,3.362549734E0
2.766169879E1,-8.031574622E-2,2.998188185E0,2.871469374E0,4.152218609E0
2.767168679E1,-1.750928700E0,3.994673600E0,4.106749814E0,5.990706345E0
2.768167479E1,-2.881684459E0,4.764508365E0,4.383496192E0,7.086584801E0
2.769166279E1,-2.633436241E0,5.031654199E0,3.071741772E0,6.456634412E0
2.770165079E1,-2.254255270E0,4.816212662E0,1.380386698E0,5.493909233E0
2.771163879E1,-2.799560316E0,4.491032042E0,5.287204421E-1,5.318500923E0
2.772162679E1,-3.710509152E0,4.495732619E0,1.436473775E-1,5.830962572E0
2.773161479E1,-4.797793055E0,4.681786928E0,2.265059316E-1,6.707402774E0
2.774160279E1,-6.388953166E0,5.133967609E0,4.958257610E-1,8.211101580E0
2.775159079E1,-8.491620101E0,6.332269088E0,6.888803566E-1,1.061507418E1
2.776157879E1,-1.063071870E1,9.509545501E0,1.139625254E0,1.430882180E1
2.777156679E1,-1.150902077E1,1.328872026E1,1.511322813E0,1.764459526E1
2.778155479E1,-1.097227327E1,1.540682384E1,5.804361409E-1,1.892347505E1
2.779154279E1,-8.871235959E0,1.585129877E1,-3.292344940E-1,1.816785336E1
2.780153079E1,-7.524551443E0,1.480734859E1,9.482990956E-1,1.663657770E1
2.781151879E1,-7.126464815E0,1.259866578E1,1.425955803E0,1.454462891E1
2.782150679E1,-5.941551706E0,9.495168368E0,-2.751804936E-1,1.120428415E1
2.783149479E1,-3.891027609E0,7.501733268E0,3.287702250E-1,8.457197393E0
2.784148279E1,-1.945833355E0,6.684436362E0,1.738406450E-1,6.964063289E0
2.785147079E1,-9.878959284E-1,6.781191409E0,-2.255380420E0,7.214377043E0
2.786145792E1,-1.105233028E0,7.865315477E0,-3.755118145E0,8.785535833E0
2.787144592E1,-2.296394545E0,8.105160077E0,-3.250891104E0,9.029692173E0
2.788143392E1,-3.666410913E0,7.001892225E0,-1.621845714E0,8.068422846E0
2.789142192E1,-4.187641657E0,5.315957519E0,2.284226489E-1,6.771109502E0
2.790140992E1,-3.761479331E0,3.252875357E0,1.388077540E0,5.163011147E0
2.791139792E1,-3.032416031E0,1.518397944E0,1.435878528E0,3.682774287E0
2.792138592E1,-2.900374500E0,3.701468772E-1,9.165393591E-2,2.925334407E0
2.793137392E1,-3.068188419E0,-6.194870630E-1,-4.878899199E-1,3.167898510E0
2.794136192E1,-3.763855347E0,-1.454180606E0,1.334153348E0,4.249848640E0
2.795134992E1,-4.481489679E0,-1.271461841E0,2.167808425E0,5.138069513E0
2.796133792E1,-4.472189974E0,3.692540073E-1,1.579296110E0,4.757205891E0
2.797132592E1,-3.246033238E0,1.280644308E0,1.061539198E0,3.647416496E0
2.798131392E1,-1.127865480E0,1.523424503E0,6.583391798E-1,2.006567525E0
2.799130192E1,2.962280580E-1,9.668093339E-1,9.096185946E-1,1.360101959E0
2.800128992E1,4.946843845E-1,-1.810514313E-1,9.365654880E-1,1.074545101E0
2.801127792E1,3.872094179E-1,-9.378170845E-1,1.568251305E0,1.867844793E0
2.802126592E1,-1.082675201E-1,-1.291266653E0,3.275714874E0,3.522697739E0
2.803125392E1,-2.400531628E-1,-1.449643459E0,4.757639056E0,4.979379586E0
2.804124192E1,7.083636446E-1,-1.259789629E0,5.264063480E0,5.458865567E0
2.805122992E1,1.957224170E0,-1.050657822E0,5.874250839E0,6.280241335E0
2.806121792E1,3.059216744E0,-9.963982916E-1,6.324430311E0,7.095775884E0
2.807120592E1,3.527257413E0,-9.155184352E-1,6.054439806E0,7.066538065E0
2.808119392E1,2.825043651E0,-1.080486808E0,5.738942760E0,6.487201814E0
2.809118192E1,2.361520833E0,-1.217759258E0,6.093078207E0,6.647203945E0
2.810116992E1,2.928951304E0,-1.678466934E0,6.769250225E0,7.564308005E0
2.811115792E1,4.227969318E0,-2.902218419E0,7.337009602E0,8.951553285E0
2.812114592E1,5.600570156E0,-4.324574092E0,7.136171193E0,1.004954061E1
2.813113392E1,6.492178157E0,-5.160502274E0,5.331118764E0,9.859005438E0
2.814112192E1,6.793887468E0,-5.272624388E0,2.777310491E0,9.037196934E0
2.815110992E1,6.322808878E0,-5.199566352E0,5.061478508E-1,8.201803948E0
2.816109792E1,5.112834603E0,-4.627366892E0,-1.292480242E0,7.015989396E0
2.817108592E1,4.330219286E0,-4.179166118E0,-1.305145311E0,6.157891911E0
2.818107392E1,3.450411259E0,-4.730970782E0,-1.035874014E0,5.946465956E0
2.819106192E1,1.868454958E0,-4.907980326E0,-1.049061824E0,5.355364182E0
2.820104992E1,5.042139573E-1,-4.336003937E0,-6.966787881E-1,4.420466399E0
2.821103792E1,1.641555362E-1,-3.601452733E0,-6.552167666E-1,3.664248605E0
2.822102592E1,5.922688589E-2,-2.892517304E0,-2.842752528E-1,2.907056345E0
2.823101392E1,2.307547378E-1,-2.163696079E0,1.504147110E0,2.645238552E0
2.824100192E1,4.026284525E-1,-1.656828728E0,2.853192147E0,3.323837621E0
2.825098992E1,-3.393451338E-1,-1.025658782E0,4.462514879E0,4.591423538E0
2.826097792E1,-1.581927065E0,-9.555446729E-2,6.168971558E0,6.369288341E0
2.827096592E1,-2.492830585E0,9.456101073E-1,7.331074678E0,7.800835772E0
2.828095392E1,-2.749097675E0,1.887732643E0,7.925651726E0,8.598664305E0
2.829094192E1,-2.741949746E0,2.882522658E0,8.355918505E0,9.254652848E0
2.830092992E1,-3.045806447E0,4.209963110E0,8.648812553E0,1.008973166E1
2.831091792E1,-3.107494280E0,5.482370446E0,8.017137262E0,1.019742106E1
2.832090592E1,-2.462731166E0,6.351475437E0,7.083263832E0,9.827457023E0
2.833089392E1,-1.521846778E0,6.732947202E0,6.007221785E0,9.150699930E0
2.834088192E1,-8.812794062E-1,7.075173039E0,5.117650369E0,8.776392894E0
2.835086992E1,-6.307045808E-1,7.439176247E0,4.237277793E0,8.584500836E0
2.836085792E1,-4.699900213E-1,7.794319754E0,3.543997992E0,8.575093749E0
2.837084592E1,-1.290330386E-1,8.208571009E0,2.559356697E0,8.599278704E0
2.838083392E1,2.200083229E-1,8.593618931E0,1.307843217E0,8.695351854E0
2.839082192E1,3.344104127E-1,8.719533457E0,3.889380741E-1,8.734607425E0
2.840080992E1,3.304743230E-1,8.642367167E0,-5.999980009E-1,8.669470638E0
2.841079792E1,3.236069874E-1,8.447711020E0,-1.759593835E0,8.635086185E0
2.842078592E1,5.695515490E-1,8.299318042E0,-2.754763627E0,8.763092580E0
2.843077392E1,1.076383816E0,8.166692666E0,-3.728341405E0,9.041791905E0
2.844076192E1,1.476564770E0,8.210763130E0,-4.509610693E0,9.483325540E0
2.845074992E1,1.725324766E0,8.512374208E0,-5.012682323E0,1.002817253E1
2.846073792E1,2.039081973E0,8.888831400E0,-5.330034106E0,1.056306975E1
2.847072592E1,2.646037576E0,9.087673570E0,-4.657652838E0,1.054898363E1
2.848071392E1,3.403859236E0,9.528626136E0,-2.914853375E0,1.052983114E1
2.849070192E1,3.919909054E0,9.569872395E0,-8.647119784E-1,1.037766214E1
2.850068992E1,4.037224665E0,9.949413993E0,-2.736315662E-1,1.074080519E1
2.851067792E1,3.204377381E0,1.114798211E1,-9.359766734E-1,1.163707832E1
2.852066592E1,1.411700292E0,1.143138028E1,-4.631936198E-1,1.152752797E1
2.853065392E1,-5.763926451E-1,1.048010495E1,1.380503057E0,1.058634105E1
2.854064192E1,-2.273885103E0,8.440889073E0,2.791197043E0,9.176597558E0
2.855062992E1,-2.748995641E0,6.196071648E0,2.824520910E0,7.343446008E0
2.856061792E1,-1.980172445E0,4.872499421E0,3.281497770E0,6.199238754E0
2.857060592E1,-1.107442837E0,4.638636815E0,4.259222978E0,6.394088013E0
2.858059392E1,-1.291642190E0,4.860351246E0,5.128496954E0,7.182815241E0
2.859058192E1,-2.095743247E0,4.898429484E0,6.023078849E0,8.041407214E0
2.860056992E1,-3.128528177E0,4.086331044E0,5.969584427E0,7.881733831E0
2.861055792E1,-4.039519697E0,2.494712219E0,4.948157714E0,6.857519464E0
2.862054592E1,-4.841613843E0,6.337824820E-1,3.950916254E0,6.281133981E0
2.863053392E1,-5.420987545E0,-8.267892766E-1,3.524294629E0,6.518538111E0
2.864052192E1,-5.303511720E0,-2.253104099E0,3.488883891E0,6.736172909E0
2.865050992E1,-4.387558545E0,-3.902962069E0,3.420836919E0,6.796021492E0
2.866049792E1,-2.820961125E0,-5.201779523E0,2.499922673E0,6.423857505E0
2.867048592E1,-1.391877792E0,-5.694879313E0,3.096305341E-1,5.870676728E0
2.868047392E1,-1.372881650E0,-5.939246734E0,2.976332170E-1,6.103117345E0
2.869046192E1,-1.360207518E0,-5.699509138E0,-2.216944917E0,6.264935249E0
2.870044992E1,-1.955410510E0,-5.550647213E0,-2.454545941E0,6.376371266E0
2.871043792E1,-1.829603133E0,-5.168331696E0,-2.383385911E0,5.978263004E0
2.872042592E1,-1.089101803E0,-4.806516224E0,-2.621782740E0,5.582336938E0
2.873041392E1,-2.749267975E-1,-4.876080841E0,-2.527650170E0,5.499160344E0
2.874040192E1,6.249597645E-1,-5.292853416E0,-2.261379079E0,5.789534292E0
2.875038992E1,1.199413034E0,-6.052149451E0,-1.833508489E0,6.436525304E0
2.876037792E1,1.600084570E0,-7.034157161E0,-1.035850040E0,7.287840757E0
2.877036592E1,1.965969119E0,-7.534376519E0,7.408597648E-2,7.786998963E0
2.878035392E1,2.774877757E0,-7.266282266E0,5.254688054E-1,7.795827217E0
2.879034192E1,3.906670665E0,-6.406014172E0,-3.657117641E-1,7.512179334E0
2.880032992E1,4.788830735E0,-4.936610048E0,-1.898859894E-1,6.880339764E0
2.881031792E1,5.430832502E0,-3.872720562E0,6.537268960E-1,6.702183605E0
2.882030592E1,5.612361066E0,-3.942692145E0,-1.210303473E-1,6.859888223E0
2.883029392E1,4.755705966E0,-5.215988258E0,1.877889440E0,7.304090737E0
2.884028192E1,3.127109057E0,-6.973627954E0,3.484603145E0,8.399568856E0
2.885026992E1,1.526653920E0,-8.425909091E0,1.727508409E0,8.735611112E0
2.886025792E1,7.739150251E-1,-9.158602635E0,-1.228476620E-1,9.192063872E0
2.887024671E1,7.538662382E-1,-9.134016847E0,2.701127118E-1,9.169053329E0
2.888023471E1,9.984813622E-1,-8.050697941E0,2.015538159E0,8.359012886E0
2.889022271E1,1.609168658E0,-6.801214614E0,3.881510389E0,7.994502292E0
2.890021071E1,2.178541721E0,-5.658460515E0,4.695474967E0,7.668878966E0
2.891019871E1,2.012835137E0,-5.296295087E0,3.527589535E0,6.674289091E0
2.892018671E1,7.567194602E-1,-5.083123146E0,3.106209354E0,6.004939784E0
2.893017471E1,-6.792650490E-1,-4.364033734E0,2.402270079E0,5.027632939E0
2.894016271E1,-2.134161500E0,-2.993351368E0,2.229153904E0,4.299293529E0
2.895015071E1,-3.211683769E0,-1.524163591E0,2.428444555E0,4.305267732E0
2.896013871E1,-3.272522879E0,1.023501379E-1,2.465290200E0,4.098479878E0
2.897012671E1,-3.074106679E0,1.882215356E0,1.836440282E0,4.045414618E0
2.898011471E1,-2.836207740E0,3.309027631E0,1.054348876E0,4.483903406E0
2.899010271E1,-2.885997073E0,4.000864339E0,1.299052513E-1,4.934852576E0
2.900009071E1,-3.564218248E0,3.847973099E0,-5.726581746E-1,5.276218918E0
2.901007871E1,-4.810182136E0,3.181320348E0,1.706656069E-1,5.769556143E0
2.902006671E1,-5.657896843E0,2.663715463E0,1.689463500E0,6.477766874E0
2.903005471E1,-5.028541142E0,2.564201699E0,2.211899355E0,6.062495784E0
2.904004271E1,-4.205748145E0,2.305201621E0,1.567305810E0,5.045663432E0
2.905003071E1,-4.551938395E0,1.758575104E0,-4.450233972E-1,4.900079119E0
2.906001871E1,-5.140605369E0,1.543425635E0,-2.160477771E0,5.785814588E0
2.907000671E1,-5.217788615E0,1.935341842E0,-3.407801136E0,6.525639790E0
2.907999471E1,-4.552215845E0,2.542999403E0,-4.068813663E0,6.613982136E0
2.908998271E1,-3.713378965E0,2.967933814E0,-4.150257191E0,6.310503087E0
2.909997071E1,-3.733208628E0,3.424051426E0,-3.903222270E0,6.395007343E0
2.910995871E1,-3.769460488E0,3.681629461E0,-3.971892555E0,6.598420897E0
2.911994671E1,-3.264901033E0,3.524413328E0,-4.260816929E0,6.421497408E0
2.912993471E1,-2.596754903E0,2.989267088E0,-4.127136131E0,5.719449833E0
2.913992271E1,-2.301743578E0,2.776248344E0,-4.085660661E0,5.449605619E0
2.914991071E1,-2.219527779E0,2.384106580E0,-5.673964992E0,6.542487789E0
2.915989871E1,-2.100037296E0,2.364800682E0,-6.676082445E0,7.387321282E0
2.916988671E1,-1.374949372E0,2.735822449E0,-7.850488692E0,8.426469186E0
2.917987471E1,-9.591595678E-1,3.643794175E0,-8.136413444E0,8.966518098E0
2.918986271E1,-8.968650864E-1,4.793260294E0,-6.200539505E0,7.888371276E0
2.919985071E1,-5.576755616E-1,5.522412763E0,-4.332235991E0,7.041044911E0
2.920983871E1,-5.161074132E-2,6.084442454E0,-3.123350467E0,6.839475257E0
2.921982671E1,5.379811160E-1,6.377435321E0,-2.240648360E0,6.780974121E0
2.922981471E1,9.402610745E-1,5.632546824E0,-1.616714197E0,5.934933817E0
2.923980271E1,1.140087477E0,4.352706216E0,-9.437949854E-1,4.597455800E0
2.924979071E1,1.326212829E0,3.454923847E0,2.371338308E-2,3.700797425E0
2.925977871E1,1.278870994E0,3.025036260E0,9.088689816E-1,3.407696909E0
2.926976671E1,7.590492833E-1,2.855164413E0,1.807136961E0,3.463215794E0
2.927975471E1,-3.140100986E-1,2.844418108E0,2.862041323E0,4.047295053E0
2.928974271E1,-1.015246499E0,2.923548769E0,3.803441874E0,4.903471520E0
2.929973071E1,-9.511063439E-1,2.623302139E0,4.471232493E0,5.270506370E0
2.930971871E1,-7.213709950E-3,2.061836266E0,4.532142938E0,4.979110407E0
2.931970671E1,1.346332221E0,1.376046602E0,3.909147838E0,4.357470771E0
2.932969471E1,2.389036368E0,3.163947028E-1,3.077265637E0,3.908601307E0
2.933968271E1,2.683096059E0,-7.768934505E-1,3.216223547E0,4.259889881E0
2.934967071E1,9.578661637E-1,-2.115156149E0,5.195308410E0,5.690573134E0
2.935965871E1,-1.632078926E0,-3.755284790E0,8.347618382E0,9.297772751E0
2.936964671E1,-2.414194452E0,-4.388399959E0,1.203909894E1,1.303941304E1
2.937963471E1,-1.871581318E0,-4.292507961E0,1.434528991E1,1.509025460E1
2.938962271E1,-8.343877333E-1,-4.300068411E0,1.416890865E1,1.483053484E1
2.939961071E1,2.304022238E-1,-4.159427379E0,1.267182615E1,1.333900668E1
2.940959871E1,6.777643611E-1,-4.316975927E0,9.781955000E0,1.071364967E1
2.941958671E1,4.663451229E-1,-4.919223937E0,5.741473435E0,7.575008853E0
2.942957471E1,5.044485037E-1,-5.480517463E0,2.587712184E0,6.081676932E0
2.943956271E1,1.010161979E0,-6.420079064E0,1.296686729E0,6.627159187E0
2.944955071E1,1.876972450E0,-7.413729165E0,1.163485987E0,7.735638652E0
2.945953871E1,3.082942991E0,-7.864550661E0,6.780144757E-1,8.474396628E0
2.946952671E1,4.016069147E0,-7.755843905E0,-4.845979375E-1,8.747385966E0
2.947951471E1,4.503572858E0,-7.260771266E0,-1.540758866E0,8.681872249E0
2.948950271E1,4.662755410E0,-6.552081127E0,-2.377687215E0,8.385967541E0
2.949949071E1,4.298674727E0,-6.422486948E0,-2.907364846E0,8.257100784E0
2.950947871E1,3.705643391E0,-6.946812038E0,-3.343602802E0,8.553927176E0
2.951946671E1,3.298221099E0,-7.629020137E0,-3.389164891E0,8.975892675E0
2.952945471E1,2.955463165E0,-7.971534827E0,-3.138561414E0,9.062598841E0
2.953944271E1,2.494834426E0,-7.817061329E0,-3.033527879E0,8.748310582E0
2.954943071E1,1.372555814E0,-7.680344657E0,-3.057526606E0,8.379741789E0
2.955941871E1,3.494959733E-1,-7.435885434E0,-3.759036949E0,8.339358393E0
2.956940671E1,-2.805782045E-1,-6.868166403E0,-4.892822589E0,8.437425362E0
2.957939471E1,-9.415793292E-1,-6.190591637E0,-2.349694254E0,6.688128254E0
2.958938271E1,-1.176181462E0,-5.758792888E0,1.137283444E-2,5.877688976E0
2.959937071E1,-6.885134438E-1,-5.110212126E0,1.438575849E0,5.353299843E0
2.960935871E1,-7.364626586E-2,-5.605598761E0,1.911426730E0,5.922981799E0
2.961934671E1,-3.298218468E-1,-6.363229510E0,1.026872225E0,6.453986273E0
2.962933471E1,-1.950066593E0,-6.699302323E0,-1.242921581E0,7.087190232E0
2.963932271E1,-4.855978990E0,-6.874128224E0,-3.561634948E0,9.138895683E0
2.964931071E1,-7.150514413E0,-7.171711155E0,-4.329977211E0,1.101417268E1
2.965929871E1,-7.283165517E0,-7.674665841E0,-8.709030104E-1,1.061618895E1
2.966928671E1,-6.347320991E0,-7.595112718E0,1.627370748E0,1.003107953E1
2.967927471E1,-4.922824652E0,-6.805406483E0,2.169680704E0,8.674979787E0
2.968926271E1,-5.107894875E0,-6.078447304E0,3.857992303E0,8.827356132E0
2.969925071E1,-6.600030634E0,-5.306884979E0,5.804454380E0,1.026718672E1
2.970923871E1,-7.164944172E0,-4.540070301E0,6.826154158E0,1.088783927E1
2.971922671E1,-6.490510531E0,-3.834570696E0,6.420219982E0,9.902014138E0
2.972921471E1,-5.769912538E0,-3.286435159E0,5.840680804E0,8.843421227E0
2.973920271E1,-5.284083177E0,-3.014587578E0,4.876949152E0,7.797044717E0
2.974919071E1,-4.789080996E0,-3.047043426E0,3.459297565E0,6.647293439E0
2.975917871E1,-4.251840869E0,-3.164939665E0,1.540261268E0,5.519728130E0
2.976916671E1,-3.664704988E0,-2.950142783E0,-5.301723057E-1,4.734394129E0
2.977915471E1,-3.459734059E0,-2.384481533E0,-2.722251354E0,5.006612066E0
2.978914271E1,-3.207702400E0,-1.685802120E0,-3.144149598E0,4.797599417E0
2.979913071E1,-3.113325123E0,-1.420470092E0,-3.344904392E0,4.785280974E0
2.980911871E1,-3.159625716E0,-1.165835106E0,-3.516109112E0,4.868822183E0
2.981910671E1,-3.013042159E0,-6.823216809E-1,-3.315431501E0,4.531674301E0
2.982909471E1,-3.008213821E0,-6.101584151E-2,-2.710416005E0,4.049620753E0
2.983908271E1,-2.815925503E0,1.271519728E0,-1.764334173E0,3.557959237E0
2.984907071E1,-2.261282600E0,2.966184327E0,-1.704631763E0,4.100904522E0
2.985905871E1,-1.740152428E0,4.004063644E0,-2.311165196E0,4.939852295E0
2.986904729E1,-1.345281477E0,3.813052065E0,-2.867709614E0,4.957106690E0
2.987903529E1,-1.333786728E0,3.258852088E0,-3.859689749E0,5.224586963E0
2.988902329E1,-1.822484733E0,2.778200437E0,-4.343214138E0,5.468396229E0
2.989901129E1,-2.379867641E0,1.987527950E0,-4.188711990E0,5.211462892E0
2.990899929E1,-2.748900916E0,1.401602296E0,-3.958870806E0,5.019322993E0
2.991898729E1,-2.442287253E0,1.693516059E0,-2.985443301E0,4.212556869E0
2.992897529E1,-1.845765714E0,2.140634514E0,-9.942827690E-1,2.996291945E0
2.993896329E1,-9.729386777E-1,2.159820544E0,1.641289460E0,2.881885762E0
2.994895129E1,1.181488395E-1,2.495829330E0,4.050769156E0,4.759396384E0
2.995893929E1,3.051954210E-1,2.401214802E0,5.276621545E0,5.805317537E0
2.996892729E1,-8.652879292E-1,1.495562667E0,5.807513643E0,6.059096104E0
2.997891529E1,-2.035090663E0,8.534770652E-1,6.305260214E0,6.680293667E0
2.998890329E1,-2.084521270E0,7.830186282E-1,5.730111126E0,6.147562168E0
2.999889129E1,-1.722885600E0,9.125008334E-1,4.514964404E0,4.917915832E0
3.000888029E1,-1.351916312E0,1.179691399E0,3.761781632E0,4.167775253E0
3.001886829E1,-1.173324805E0,9.218252420E-1,3.824699426E0,4.105457170E0
3.002885629E1,-1.659797359E0,4.429523500E-2,3.705670581E0,4.060650662E0
3.003884429E1,-2.267602855E0,-7.704130545E-1,3.297765893E0,4.075637235E0
3.004883229E1,-2.284908567E0,-1.114797319E0,3.642295534E0,4.441834866E0
3.005882029E1,-2.173238150E0,-1.181284619E0,4.310628190E0,4.969900683E0
3.006880829E1,-2.199337782E0,-1.013254645E0,4.876614107E0,5.444734778E0
3.007879629E1,-1.748406065E0,-1.029108639E0,4.642882771E0,5.066788804E0
3.008878429E1,-8.689997417E-1,-1.133470621E0,3.290548675E0,3.587147444E0
3.009877229E1,-2.642146254E-1,-1.179292546E0,1.266898674E0,1.750877645E0
3.010876029E1,9.042309701E-2,-1.251927024E0,-4.761036873E-1,1.342450123E0
3.011874829E1,2.945593357E-1,-1.306736485E0,-1.630807741E0,2.110416862E0
3.012873629E1,2.494542065E-1,-1.329668241E0,-2.449490438E0,2.798258108E0
3.013872429E1,6.666995287E-2,-1.329428506E0,-3.058707744E0,3.335793473E0
3.014871229E1,-2.715128276E-1,-1.380608307E0,-3.828864398E0,4.079215745E0
3.015870029E1,-3.997972307E-1,-1.565187948E0,-4.231697795E0,4.529560395E0
3.016868829E1,-9.381828278E-2,-2.132545914E0,-3.949253891E0,4.489227132E0
3.017867629E1,2.216463107E-1,-3.006423696E0,-3.517027709E0,4.632191105E0
3.018866429E1,2.359670189E-1,-3.694443050E0,-3.304783722E0,4.962477741E0
3.019865229E1,-2.234826288E-1,-3.943115484E0,-3.101737989E0,5.021840574E0
3.020864029E1,-5.589996636E-1,-3.932974657E0,-2.745534382E0,4.828947020E0
3.021862829E1,-5.377906430E-1,-3.540778807E0,-2.398179951E0,4.310174059E0
3.022861629E1,-9.475529909E-2,-3.115137468E0,-1.447303988E0,3.436240510E0
3.023860429E1,5.120582163E-1,-3.148491156E0,-6.057727110E-1,3.246869377E0
3.024859229E1,6.305192971E-1,-2.497580571E0,9.523810369E-1,2.746359942E0
3.025858029E1,2.508318105E-1,-2.240804189E0,2.795876570E0,3.591802584E0
3.026856829E1,-1.461844844E-1,-2.607184874E0,4.241970769E0,4.981274824E0
3.027855629E1,-1.641868919E-1,-3.371117167E0,5.230516834E0,6.224925272E0
3.028854429E1,-4.412949201E-1,-4.515975095E0,5.717033243E0,7.298852058E0
3.029853229E1,-1.225151893E0,-5.774296196E0,5.611974565E0,8.144799091E0
3.030852029E1,-1.564279583E0,-6.876154284E0,5.777326807E0,9.116247769E0
3.031850829E1,-1.200169372E0,-7.392791455E0,6.567604315E0,9.961284980E0
3.032849629E1,-7.572419089E-1,-7.104573424E0,6.847281902E0,9.896143102E0
3.033848429E1,-4.693866983E-1,-6.038889136E0,6.610628713E0,8.965986719E0
3.034847229E1,-5.750116789E-1,-4.682338905E0,5.497724649E0,7.244302062E0
3.035846029E1,-9.113955635E-1,-3.410426536E0,4.173471222E0,5.466215608E0
3.036844829E1,-1.146147239E0,-2.500491900E0,3.075688058E0,4.126253781E0
3.037843629E1,-1.172963447E0,-1.887546555E0,2.141169680E0,3.085981666E0
3.038842429E1,-8.338380951E-1,-1.461577772E0,1.549656574E0,2.287560065E0
3.039841229E1,-3.535948715E-1,-1.375212789E0,8.272389275E-1,1.643339220E0
3.040840029E1,-5.312663198E-2,-1.501780303E0,1.631150973E-1,1.511546577E0
3.041838829E1,3.127558708E-2,-1.765231136E0,-2.399907804E-1,1.781744847E0
3.042837629E1,-2.975881934E-2,-1.750204084E0,-5.572320503E-1,1.837010474E0
3.043836429E1,-2.366824257E-1,-1.644805829E0,-1.171113680E0,2.032956477E0
3.044835229E1,-4.793640947E-1,-1.515104500E0,-1.695523555E0,2.323818346E0
3.045834029E1,-6.136889639E-1,-1.250282641E0,-2.180141957E0,2.587052334E0
3.046832829E1,-7.682212257E-1,-1.040531102E0,-2.519046577E0,2.831689333E0
3.047831629E1,-8.135850942E-1,-8.115452930E-1,-2.765319605E0,2.994581605E0
3.048830429E1,-8.247097144E-1,-4.754400283E-1,-2.862207384E0,3.016358805E0
3.049829229E1,-8.209210110E-1,-2.699716477E-1,-2.953291216E0,3.077129345E0
3.050828029E1,-8.280522752E-1,-3.694306663E-1,-2.908724908E0,3.046773733E0
3.051826829E1,-7.232266089E-1,-6.604074130E-1,-2.545646730E0,2.727546875E0
3.052825629E1,-9.051656476E-1,-1.213656925E0,-2.045359544E0,2.544756107E0
3.053824429E1,-1.549730249E0,-1.865772401E0,-1.621244035E0,2.917396565E0
3.054823229E1,-1.664314918E0,-2.077836587E0,-1.205693529E0,2.922506786E0
3.055822029E1,-1.385158318E0,-1.825747918E0,-8.073975706E-1,2.429796259E0
3.056820829E1,-1.168938808E0,-1.165611012E0,-2.240729052E-1,1.665915854E0
3.057819629E1,-1.075486561E0,-3.986895853E-1,-1.495998430E-1,1.156721592E0
3.058818429E1,-8.123410991E-1,7.433992837E-1,-7.314632893E-1,1.321960325E0
3.059817229E1,-9.278174686E-1,1.252932307E0,-1.126499425E0,1.923456673E0
3.060816029E1,-1.487345721E0,2.010133870E-2,-1.795736060E0,2.331795307E0
3.061814829E1,-1.427859949E0,-3.272177162E-1,-5.278655791E-1,1.557079811E0
3.062813629E1,-9.563682532E-1,-4.856817189E-1,3.385496932E-1,1.124785696E0
3.063812429E1,-9.583060205E-1,-6.801025895E-1,4.829186171E-1,1.270472492E0
3.064811229E1,-1.167381110E0,-5.154247507E-1,9.315655339E-1,1.579954326E0
3.065810029E1,-1.464805581E0,-5.433397603E-1,1.371378477E0,2.078834388E0
3.066808829E1,-1.879756164E0,-5.610593453E-1,1.704345834E0,2.598666109E0
3.067807629E1,-2.146366978E0,-4.808363505E-1,2.033504314E0,2.995535778E0
3.068806429E1,-2.378936472E0,-7.242472404E-1,2.256142897E0,3.357685747E0
3.069805229E1,-2.608365719E0,-9.939553249E-1,2.427909535E0,3.699495050E0
3.070804029E1,-2.640568967E0,-1.020569219E0,2.680407509E0,3.898557479E0
3.071802829E1,-2.778612081E0,-1.403427066E0,3.091728140E0,4.387376838E0
3.072801629E1,-2.759395207E0,-1.648556380E0,3.846437620E0,5.012692132E0
3.073800429E1,-2.451042289E0,-1.170027340E0,3.949853230E0,4.793528223E0
3.074799229E1,-2.240996270E0,-6.527548695E-1,4.063816633E0,4.686444156E0
3.075798029E1,-2.231254224E0,-5.343986001E-1,3.628242336E0,4.292810236E0
3.076796829E1,-2.049658709E0,-3.482594334E-1,3.286400076E0,3.888805847E0
3.077795629E1,-1.658124763E0,-3.027135703E-1,2.818543886E0,3.284083262E0
3.078794429E1,-1.562953727E0,-4.368805647E-1,2.040001155E0,2.606778413E0
3.079793229E1,-1.633616159E0,-5.669572125E-1,1.573872233E0,2.338207870E0
3.080792029E1,-1.642584326E0,-5.589014304E-1,9.519366485E-1,1.979049635E0
3.081790829E1,-1.667280918E0,-4.740821587E-1,4.033456135E-1,1.779681780E0
3.082789629E1,-1.697751929E0,-4.187973925E-1,1.598219454E-2,1.748716186E0
3.083788429E1,-1.832491365E0,-5.563613268E-1,-5.427017194E-1,1.990499356E0